,place,도로명,위도,경도,시설구분,5_score,4_score,3_score,2_score,1_score,Total
0,서원마을현대홈타운,경기도 용인시 수지구 포은대로 231,37.3092789,127.0817903,아파트주차장,74,57,58,52,24,900
1,현대성우5차,경기도 용인시 수지구 상현로 119-6,37.309069,127.0838877,아파트주차장,77,53,53,53,21,883
2,서원마을3단지아이파크,경기도 용인시 수지구 포은대로 219,37.3081086,127.0806573,아파트주차장,78,49,57,50,22,879
3,성복역 아이파크,경기도 용인시 수지구 상현로 142,37.3111606,127.0854248,아파트주차장,67,54,53,57,28,852
4,수지센트럴아이파크,경기도 용인시 수지구 상현로 101,37.3069417,127.0825193,아파트주차장,75,47,57,47,16,844
5,상현2동,경기도 용인시 수지구 만현로 48,37.3121418,127.0872845,관공서,59,54,49,61,31,811
6,만현마을2단지현대아이파크,경기도 용인시 수지구 만현로67번길 9,37.3092782,127.0881144,아파트주차장,62,55,50,51,15,797
7,만현마을쌍용3차,경기도 용인시 수지구 만현로 99,37.3074042,127.0867405,아파트주차장,60,55,55,47,13,792
8,만현마을5단지현대,경기도 용인시 수지구 만현로 79,37.3086236,127.0867709,아파트주차장,63,51,52,49,15,788
9,금호베스트빌4단지,경기도 용인시 수지구 상현로 67-12,37.3055452,127.080684,아파트주차장,70,44,56,39,15,787
10,성복역리버파크,경기도 용인시 수지구 포은대로 298,37.3133352,127.0874438,아파트주차장,54,53,44,65,35,779
11,엘지빌리지2차,경기도 용인시 수지구 수지로113번길 15,37.312431,127.078327,아파트주차장,69,46,35,52,35,773
12,태영데시앙2차,경기도 용인시 수지구 풍덕천로22번길 67,37.3142837,127.0826342,아파트주차장,60,49,38,58,43,769
13,상현1동,경기도 용인시 수지구 상현로 71,37.3045954,127.0811366,관공서,71,39,54,38,15,764
14,수지금호베스트빌5단지,경기도 용인시 수지구 심곡로 16,37.3070247,127.0780026,아파트주차장,69,39,51,40,21,755
15,도담마을9단지죽전파크빌,경기도 용인시 수지구 정든로 22,37.3277268,127.1161188,아파트주차장,54,53,47,40,44,747
16,수지태영데시앙1차,경기도 용인시 수지구 수지로 166,37.3153691,127.0830441,아파트주차장,54,51,36,61,42,746
17,벽산블루밍,경기도 용인시 수지구 수지로 68,37.3088564,127.07752,아파트주차장,67,41,45,43,25,745
18,e편한세상 수지아파트,경기도 용인시 수지구 포은대로313번길 7-10,37.3145055,127.0857938,아파트주차장,54,47,39,65,40,745
19,수지금호베스트빌TheEdu,경기도 용인시 수지구 상현로 59,37.304557,127.07955,아파트주차장,69,39,51,35,14,738
20,수지한신,경기도 용인시 수지구 대지로 27,37.3279466,127.1126149,아파트주차장,53,59,41,31,50,736
21,풍산,경기도 용인시 수지구 수지로78번길 20,37.309859,127.0768963,아파트주차장,66,43,40,44,25,735
22,더리버하임,경기도 용인시 수지구 대지로 19,37.3282911,127.1121787,아파트주차장,53,59,40,31,51,734
23,만현마을1단지롯데캐슬,경기도 용인시 수지구 만현로 25,37.3130672,127.0884511,아파트주차장,52,48,41,63,31,732
24,죽전역솔하임,경기도 용인시 수지구 정든로 5,37.3274678,127.1145453,아파트주차장,53,55,44,32,48,729
25,죽전퍼스트하임,경기도 용인시 수지구 대지로 49,37.3295507,127.1145639,아파트주차장,54,53,44,31,44,720
26,상현마을동일스위트,경기도 용인시 수지구 상현로42번길 46,37.3041056,127.0821194,아파트주차장,65,40,49,36,14,718
27,현암마을동성2차,경기도 용인시 수지구 용구대로 2720,37.3274914,127.1100758,아파트주차장,49,59,39,30,53,711
28,수지한국,경기도 용인시 수지구 정평로 116,37.3236959,127.0936675,아파트주차장,37,39,62,65,53,710
29,죽전1동,경기도 용인시 수지구 대지로15번길 50,37.3309473,127.1138276,관공서,53,52,44,30,42,707
30,현대홈타운4차1단지,경기도 용인시 수지구 푸른솔로 55,37.3254573,127.1168878,아파트주차장,53,52,39,38,39,705
31,수지강남빌리지,경기도 용인시 수지구 수지로113번길 16,37.3141146,127.077801,아파트주차장,65,42,25,48,40,704
32,수지현대아파트,경기도 용인시 수지구 수지로342번길 18,37.3261735,127.0946781,아파트주차장,39,39,60,63,46,703
33,이스턴팰리스아파트,경기도 용인시 수지구 풍덕천로30번길 20,37.316251,127.0875507,아파트주차장,43,47,40,66,48,703
34,도담마을롯데캐슬,경기도 용인시 수지구 대지로 64,37.3285682,127.116452,아파트주차장,50,48,46,39,45,703
35,죽전동성1차,경기도 용인시 수지구 용구대로 2742,37.3303672,127.1106094,아파트주차장,52,57,36,30,45,701
36,도담마을뜨리에체,경기도 용인시 수지구 푸른솔로 49,37.3247753,127.1143729,아파트주차장,56,52,37,29,44,701
37,만현마을3단지성원상떼빌,경기도 용인시 수지구 만현로67번길 19,37.3097039,127.0902639,아파트주차장,50,47,45,52,16,693
38,대지마을2차현대홈타운,경기도 용인시 수지구 현암로 54,37.3307647,127.1150823,아파트주차장,50,51,43,35,39,692
39,수지한성,경기도 용인시 수지구 문정로 55,37.3247818,127.0927439,아파트주차장,35,41,60,60,51,690
40,풍덕천1동,경기도 용인시 수지구 수지로342번길 3,37.3278713,127.0950572,관공서,41,39,56,59,42,689
41,상현현대성우3차,경기도 용인시 수지구 상현로 88,37.304552,127.0847265,아파트주차장,57,44,47,37,13,689
42,상현마을현대성우1차,경기도 용인시 수지구 상현로 100,37.304552,127.0847265,아파트주차장,57,44,47,37,13,689
43,수지구청,경기도 용인시 수지구 포은대로 435,37.3241541,127.0932899,관공서,37,37,59,61,53,685
44,현대성우,경기도 용인시 수지구 풍덕천로 52,37.3182804,127.0902633,아파트주차장,39,42,48,62,54,685
45,신정마을9단지,경기도 용인시 수지구 풍덕천로 76,37.3196623,127.0919751,아파트주차장,35,43,54,61,54,685
46,초입마을삼익풍림동아,경기도 용인시 수지구 문인로 59,37.3320489,127.0960328,아파트주차장,50,38,45,57,30,681
47,수지푸르지오월드마크,경기도 용인시 수지구 포은대로 467,37.3133529,127.0908014,아파트주차장,44,43,42,67,28,680
48,수지4차삼성,경기도 용인시 수지구 수풍로 90,37.3307712,127.0940328,아파트주차장,46,38,49,56,38,679
49,신정마을현대프라임,경기도 용인시 수지구 정평로 89,37.323384,127.0901363,아파트주차장,36,40,55,61,52,679
50,래미안수지이스트파크,경기도 용인시 수지구 신수로683번길 19,37.3305836,127.1003832,아파트주차장,46,41,49,52,33,678
51,신정마을주공1단지아파트,경기도 용인시 수지구 풍덕천로 91,37.3220492,127.0918527,아파트주차장,33,42,55,61,56,676
52,죽전주공8단지,경기도 용인시 수지구 죽전로27번길 60,37.32504,127.1128928,아파트주차장,51,53,37,26,46,676
53,더샵수지포레,경기도 용인시 수지구 만현로67번길 20,37.3086893,127.0899616,아파트주차장,50,47,43,47,14,675
54,꽃메마을현대힐스테이트4차2단지,경기도 용인시 수지구 푸른솔로 56,37.3242317,127.116268,아파트주차장,53,47,37,33,39,669
55,도담마을아이파크,경기 용인시 수지구 대지로 82,37.3293065,127.1178233,아파트주차장,45,45,46,43,38,667
56,동부1차,경기도 용인시 수지구 수지로 323,37.3280158,127.0928698,아파트주차장,38,39,53,59,43,666
57,만현마을두산위브,경기도 용인시 수지구 만현로 127,37.3052123,127.0869069,아파트주차장,53,45,45,37,11,665
58,금호어울림아파트,경기도 용인시 처인구 금령로13번길 13,37.2362757,127.1970058,아파트주차장,56,48,32,29,39,665
59,용인수지동도센트리움 아파트,경기도 용인시 수지구 이현로 125,37.3118374,127.0914235,아파트주차장,43,45,42,60,23,664
60,수지에듀파크,경기도 용인시 수지구 정평로13번길 20,37.317168,127.0866912,아파트주차장,42,44,37,59,48,663
61,도담마을휴먼빌아파트,경기도 용인시 수지구 대지로 77,37.3301124,127.117384,아파트주차장,47,43,46,40,38,663
62,수지2차삼성,경기도 용인시 수지구 수풍로 38,37.3272638,127.0915124,아파트주차장,38,38,55,55,44,661
63,풍덕천2동,경기도 용인시 수지구 풍덕천로 51,37.3193826,127.0886558,관공서,34,42,48,62,54,660
64,만현마을쌍용1차,경기도 용인시 수지구 만현로 107,37.3061564,127.0882807,아파트주차장,51,47,42,39,12,659
65,신명스카이뷰,경기도 용인시 수지구 손곡로 53,37.3357194,127.0966761,아파트주차장,56,41,32,46,26,658
66,동보1차,경기도 용인시 수지구 풍덕천로 161,37.3256226,127.0979445,아파트주차장,34,38,55,63,43,656
67,신정마을7단지 상록아파트,경기도 용인시 수지구 풍덕천로 75,37.3208701,127.0899184,아파트주차장,29,43,52,63,54,653
68,푸른마을푸르지오,경기도 용인시 수지구 성복2로76번길 31,37.316175,127.0798382,아파트주차장,54,37,28,52,45,651
69,삼성모텔,경기도 용인시 처인구 금령로 9,37.23493524,127.1971835,숙박업소,56,49,27,27,37,648
70,죽전7차현대홈타운2단지,경기도 용인시 수지구 탄천상로 6,37.3321502,127.1123792,아파트주차장,50,48,38,26,39,647
71,신정마을6단지상록,경기도 용인시 수지구 풍덕천로 33,37.3187877,127.0869875,아파트주차장,37,41,41,58,55,643
72,수지LG빌리지1차,경기도 용인시 수지구 성복2로 86,37.3169439,127.075941,아파트주차장,57,40,23,45,39,643
73,상현현대성우2차,경기도 용인시 수지구 상현로11번길 26,37.3041141,127.0774144,아파트주차장,61,31,44,32,15,640
74,수지건영,경기도 용인시 수지구 수풍로23번길 25,37.3303717,127.0923377,아파트주차장,43,35,47,53,38,640
75,죽전아이뷰,경기도 용인시 수지구 현암로 3,37.3321015,127.1101026,아파트주차장,48,49,35,27,43,638
76,수지보원아파트,경기도 용인시 수지구 수풍로 16,37.3264316,127.0903828,아파트주차장,34,38,56,52,44,638
77,금호베스트빌3단지,경기도 용인시 수지구 상현로42번길 40,37.303096,127.0820606,아파트주차장,60,33,43,31,13,636
78,수진마을2단지,경기도 용인시 수지구 손곡로 54,37.3368172,127.0965918,아파트주차장,56,40,27,45,23,634
79,그린장여관,경기도 용인시 처인구 중부대로 1379,37.23417146,127.1979569,숙박업소,55,48,27,23,37,631
80,도담마을 한양수자인,경기도 용인시 수지구 푸른솔로 76,37.3250982,127.1188711,아파트주차장,47,41,39,41,32,630
81,스카이1,경기도 용인시 수지구 신수로671번길 14 ,37.328562,127.1015184,숙박업소,37,40,49,51,36,630
82,죽전7차현대홈타운1단지,경기 용인시 수지구 탄천상로 7,37.3323031,127.1112603,아파트주차장,49,50,33,24,37,629
83,금호베스트빌2단지,경기도 용인시 수지구 상현로 58,37.3029745,127.0801141,아파트주차장,61,28,44,32,16,629
84,죽전2동,경기도 용인시 수지구 포은대로 523,37.3324967,127.1128141,관공서,48,46,38,25,37,625
85,성동마을 엘지빌리지3차,경기도 용인시 수지구 성복2로 126,37.3177395,127.0727057,아파트주차장,58,42,18,41,27,621
86,더샵동천이스트포레아파트,경기도 용인시 수지구 수풍로 89,37.3318415,127.093177,아파트주차장,44,36,39,52,35,620
87,동천마을현대2차홈타운,경기도 용인시 수지구 동천로63번길 10,37.3384777,127.0960934,아파트주차장,55,43,21,44,20,618
88,수지동문,경기도 용인시 수지구 수풍로 47,37.3288252,127.091137,아파트주차장,37,35,50,50,40,615
89,신정마을극동임광,경기도 용인시 수지구 정평로 73,37.3224623,127.0886197,아파트주차장,30,37,51,56,51,614
90,성동마을엘지빌리지6차,경기도 용인시 수지구 성복2로 158,37.3189362,127.0700712,아파트주차장,56,46,18,38,20,614
91,수지파크푸르지오,경기도 용인시 수지구 풍덕천로171번길 9,37.326677,127.0990275,아파트주차장,31,38,51,58,37,613
92,스카이2,경기도 용인시 수지구 신수로671번길 14 ,37.3283461,127.1011006,숙박업소,34,41,46,53,33,611
93,스위트홈아파트,경기도 용인시 처인구 금령로12번길 12,37.2340351,127.1982669,아파트주차장,57,44,25,21,33,611
94,수진마을우미이노스빌,경기도 용인시 수지구 손곡로 67,37.3356784,127.0948484,아파트주차장,51,39,25,47,26,606
95,대지마을현대홈타운3차2단지,경기도 용인시 수지구 대지로15번길 60,37.3326102,127.1143633,아파트주차장,45,43,40,28,32,605
96,포레나광교상현,경기도 용인시 수지구 수지로 17,37.3201986,127.0857095,아파트주차장,32,37,42,59,53,605
97,신정마을성지,경기도 용인시 수지구 정평로 61,37.3214227,127.0866758,아파트주차장,32,37,46,55,47,603
98,진산마을성원상떼빌아파트,경기도 용인시 수지구 진산로 24,37.3140878,127.092754,아파트주차장,36,35,42,63,30,602
99,신정마을우성,경기도 용인시 수지구 정평로 41,37.3199788,127.0861529,아파트주차장,33,37,42,56,51,602
100,우미이노스빌1차,경기도 용인시 수지구 푸른솔로 88,37.326079,127.1195378,아파트주차장,45,36,39,42,30,600
101,수지진흥아파트,경기도 용인시 수지구 풍덕천로 19,37.3189996,127.0852565,아파트주차장,33,38,41,54,52,600
102,벽산,경기도 용인시 수지구 용구대로2801번길 41,37.3343396,127.1049406,아파트주차장,54,36,32,32,24,598
103,수진마을써니벨리,경기도 용인시 수지구 손곡로 82,37.3368954,127.0936173,아파트주차장,52,39,21,45,24,593
104,수지자이아파트,경기도 용인시 수지구 성복2로 174,37.3197437,127.0682628,아파트주차장,52,47,18,35,17,589
105,죽전중앙하이츠,경기도 용인시 수지구 현암로63번길 2,37.3323438,127.1167034,아파트주차장,42,37,43,35,32,589
106,성복센트럴자이아파트,경기도 용인시 수지구 성복2로 184,37.3204319,127.0670877,아파트주차장,52,47,21,31,15,588
107,파인힐,경기도 용인시 수지구 풍덕천로172번길 19-15 ,37.3245612,127.1017952,숙박업소,27,37,51,57,36,586
108,삼환,경기도 용인시 처인구 중부대로1388번길 6-4,37.2331756,127.1976213,아파트주차장,54,44,21,21,33,584
109,용인삼환나우빌아파트,경기도 용인시 처인구 중부대로 1348,37.2336191,127.1945985,아파트주차장,46,45,26,30,36,584
110,용인김량장주공2단지,경기도 용인시 처인구 중부대로1388번길 6-14,37.2332327,127.1963404,아파트주차장,53,44,21,23,33,583
111,삼성1차,경기도 용인시 수지구 수풍로 13,37.3261767,127.0887576,아파트주차장,32,32,52,49,39,581
112,광교힐스테이트,경기도 용인시 수지구 수지로 75,37.3084294,127.0740643,아파트주차장,55,34,29,32,18,580
113,신봉동,경기도 용인시 수지구 수지로 215,37.3206332,127.0836188,관공서,33,33,42,55,44,577
114,드림랜드,경기도 용인시 기흥구 용구대로2152번길 39,37.2802117,127.1102189,아파트주차장,31,44,29,43,72,576
115,유메이드,경기도 용인시 처인구 금령로 43,37.2351129,127.20094,아파트주차장,54,42,25,15,31,574
116,성복힐스테이트1차,경기도 용인시 수지구 성복1로 91,37.3155023,127.0690598,아파트주차장,55,44,12,33,18,571
117,성복동,경기도 용인시 수지구 성복1로 100,37.3164107,127.0689606,관공서,52,45,15,34,16,569
118,신봉마을자이3차,경기도 용인시 수지구 신봉1로71번길 25,37.3207041,127.078367,아파트주차장,42,30,34,49,37,567
119,동천마을동문3차,경기도 용인시 수지구 동천로 93,37.3383055,127.0937324,아파트주차장,48,40,20,41,24,566
120,수지벽산2단지,경기도 용인시 수지구 용구대로2771번길 66,37.3355358,127.1057095,아파트주차장,52,36,28,28,22,566
121,구갈우림,경기도 용인시 기흥구 신구로42번길 15,37.2760598,127.1117054,아파트주차장,22,42,35,46,90,565
122,기흥더샵프라임뷰,경기 용인시 기흥구 구갈로 71-18,37.2816781,127.1101464,아파트주차장,36,40,29,39,59,564
123,구갈한양,경기도 용인시 기흥구 구갈로28번길 21-21,37.2787847,127.1125383,아파트주차장,25,41,37,41,82,564
124,신갈신미주,경기도 용인시 기흥구 신갈로138번길 12,37.2783974,127.107181,아파트주차장,34,37,25,47,76,563
125,광교쌍용포레듀엔1단지,경기도 용인시 수지구 상현로 27,37.3028389,127.0771536,아파트주차장,56,21,40,30,18,562
126,역북마을보성,경기도 용인시 처인구 명지로 15-33,37.2349153,127.1916129,아파트주차장,42,40,29,35,35,562
127,진산마을삼성5차아파트,경기도 용인시 수지구 진산로66번길 10,37.3163032,127.0941128,아파트주차장,30,33,40,61,37,561
128,폴라리스,경기도 용인시 처인구 금령로40번길 16-2 ,37.2334433,127.2003236,숙박업소,55,39,24,14,29,560
129,힐호텔,경기도 용인시 수지구 풍덕천로190번길 14-1,37.32513458,127.1015734,숙박업소,26,38,46,51,35,557
130,풍림고층,경기도 용인시 기흥구 신구로42번길 22,37.2756313,127.1117522,아파트주차장,22,40,36,45,88,556
131,썬스테이호텔,경기도 용인시 처인구 중부대로 1399,37.23322074,127.1998321,숙박업소,53,40,23,15,31,555
132,광교쌍용포레듀엔3단지,경기도 용인시 수지구 상현로 30-9,37.301998,127.0784092,아파트주차장,56,22,38,28,16,554
133,처인구청,경기도 용인시 처인구 금령로 50,37.2344735,127.2014077,관공서,52,39,25,15,32,553
134,메트로21,경기도 용인시 수지구 풍덕천로190번길 10 ,37.32547786,127.1017973,숙박업소,28,37,42,50,37,551
135,역북마을금강,경기도 용인시 처인구 명지로 15-29,37.2346235,127.1915123,아파트주차장,42,39,28,33,34,550
136,광교현대프레미오,경기도 용인시 수지구 수지로 41,37.3070642,127.0740607,아파트주차장,51,29,34,30,15,548
137,IMT호텔,경기도 용인시 수지구 풍덕천로190번길 13,37.32536228,127.102272,숙박업소,27,37,43,51,33,547
138,신우,경기도 용인시 처인구 중부대로1388번길 12,37.2324064,127.1975415,아파트주차장,49,44,19,20,29,547
139,동천동문6차굿모닝힐,경기도 용인시 수지구 동천로 53,37.3398297,127.0972126,아파트주차장,50,39,17,38,14,547
140,서홍마을현대효성,경기도 용인시 수지구 신봉1로 28,37.3209663,127.0819607,아파트주차장,31,31,41,50,39,541
141,동천동문5차굿모닝힐,경기도 용인시 수지구 동천로 64,37.340029,127.0958119,아파트주차장,47,39,18,40,15,540
142,G(지)호텔,경기도 용인시 수지구 풍덕천로190번길 14,37.32529766,127.1018208,숙박업소,26,36,43,51,35,540
143,리젠드호텔,경기도 용인시 수지구 풍덕천로190번길 9,37.32563246,127.1022028,숙박업소,26,37,42,50,34,538
144,호텔172st,경기도 용인시 수지구 풍덕천로172번길 19-15 ,37.3246397,127.1018356,숙박업소,25,37,45,49,32,538
145,벽산타운3단지,경기도 용인시 수지구 용구대로2801번길 16,37.3352068,127.1070112,아파트주차장,49,33,29,25,23,537
146,동천마을현대1차홈타운,경기도 용인시 수지구 수지로 487,37.3397236,127.0988942,아파트주차장,48,38,19,36,16,537
147,새터마을모아미래도,경기도 용인시 수지구 대지로 127,37.3304542,127.1220268,아파트주차장,36,28,44,42,27,535
148,유토피아모텔,경기도 용인시 수지구 풍덕천로190번길 19-1,37.32483111,127.1024666,숙박업소,26,37,44,47,31,535
149,현인마을대림이편한세상3차,경기도 용인시 수지구 탄천상로 30,37.3338963,127.1122379,아파트주차장,43,37,31,23,31,533
150,구갈한성2차,경기도 용인시 기흥구 구갈로 16,37.2762069,127.1131707,아파트주차장,20,41,35,39,86,533
151,엘지빌리지5차A단지,경기도 용인시 수지구 신봉1로 112-2,37.3264413,127.0727206,아파트주차장,36,40,34,37,17,533
152,엘지빌리지5차B단지,경기도 용인시 수지구 신봉1로 110,37.3264413,127.0727206,아파트주차장,36,40,34,37,17,533
153,홀인원,경기도 용인시 수지구 풍덕천로190번길 3-14 ,37.3259843,127.1024966,숙박업소,24,40,40,49,34,532
154,신갈삼익,경기도 용인시 기흥구 신갈로124번길 3,37.2783787,127.1062543,아파트주차장,33,36,20,46,71,532
155,광교쌍용포레듀엔 2단지,경기도 용인시 수지구 상현로 30-6,37.3016213,127.0770196,아파트주차장,54,18,38,28,19,531
156,성복자이2차,경기도 용인시 수지구 성복2로 251,37.3173486,127.0657805,아파트주차장,49,41,18,27,11,528
157,성복역 롯데캐슬 골드타운,경기도 용인시 수지구 성복2로 10,37.3173486,127.0657805,아파트주차장,49,41,18,27,11,528
158,성복자이1차,경기도 용인시 수지구 성복1로164번길 20,37.3172069,127.0653698,아파트주차장,49,41,19,26,10,528
159,벨라지오,경기도 용인시 수지구 신수로 629,37.32594029,127.1026075,숙박업소,23,40,40,49,34,527
160,Vole(볼) 호텔,경기도 용인시 수지구 신수로 623,37.3252634,127.1025521,숙박업소,23,38,43,48,33,525
161,알프스산장,경기도 용인시 수지구 신수로 625 ,37.3255698,127.1025525,숙박업소,23,38,42,49,34,525
162,테마모텔,경기도 용인시 수지구 신수로 623 ,37.3252634,127.1025521,숙박업소,23,38,43,48,33,525
163,꽃메마을한라신영프로방스,경기도 용인시 수지구 죽전로27번길 14-30,37.3217098,127.1144788,아파트주차장,41,37,31,23,32,524
164,꽃메마을현대홈타운4차3단지,경기도 용인시 수지구 죽전로 87,37.3225289,127.1177435,아파트주차장,40,38,29,29,27,524
165,원대마을한신아파트,경기도 용인시 기흥구 신갈로 102,37.276014,127.1064502,아파트주차장,28,37,20,48,79,523
166,수지 성복 효성해링턴코트,경기도 용인시 수지구 성복1로281번길 20,37.3175005,127.0653222,아파트주차장,48,40,20,26,10,522
167,성복역서희스타힐스,경기도 용인시 수지구 성복1로 80,37.3175005,127.0653222,아파트주차장,48,40,20,26,10,522
168,성복역 롯데캐슬파크나인아파트,경기도 용인시 수지구 성복1로 13,37.3175005,127.0653222,아파트주차장,48,40,20,26,10,522
169,성복역 KCC스위첸,경기도 용인시 수지구 성복1로 62,37.3175005,127.0653222,아파트주차장,48,40,20,26,10,522
170,성복아이파크,경기도 용인시 수지구 성복1로 222,37.3175005,127.0653222,아파트주차장,48,40,20,26,10,522
171,성복역 롯데캐슬 클라시엘 아파트,경기도 용인시 수지구 성복1로 35,37.3175005,127.0653222,아파트주차장,48,40,20,26,10,522
172,꽃메마을한라프로방스,경기도 용인시 수지구 죽전로 111,37.3232078,127.1194901,아파트주차장,42,35,26,33,27,521
173,M모텔,경기도 용인시 기흥구 신갈로58번길 29-21,37.2737918,127.1085275,숙박업소,21,37,28,49,83,518
174,서홍한화꿈에그린,경기도 용인시 수지구 신봉1로48번길 32,37.3233153,127.0811242,아파트주차장,29,26,47,48,32,518
175,큐 모텔,경기도 용인시 기흥구 신갈로58번길 29-18,37.27372597,127.1090069,숙박업소,21,37,29,49,80,518
176,호텔 문라이즈(Hotel Moonrise),경기도 용인시 수지구 풍덕천로190번길 26,37.32432513,127.1021081,숙박업소,24,35,43,47,33,516
177,서홍마을벽산블루밍,경기도 용인시 수지구 신봉1로48번길 45,37.324157,127.082767,아파트주차장,27,28,48,47,29,514
178,호수마을상록롯데캐슬,경기도 용인시 기흥구 동백평촌로 70,37.2795394,127.1556001,아파트주차장,40,36,24,31,36,514
179,진산마을삼성래미안7차,경기도 용인시 수지구 진산로34번길 29,37.3171128,127.0960387,아파트주차장,27,27,41,56,34,512
180,수지 진산마을 푸르지오,경기도 용인시 수지구 진산로34번길 24,37.3171128,127.0960387,아파트주차장,27,27,41,56,34,512
181,구갈가현마을신안,경기도 용인시 기흥구 관곡로 53,37.2837451,127.1122929,아파트주차장,35,35,30,34,38,511
182,엘레강스모텔,경기도 용인시 기흥구 신갈로84번길 20-17 ,37.2737919,127.1083584,숙박업소,21,36,28,49,80,511
183,꽃메마을현대홈타운4-4,경기도 용인시 수지구 푸른솔로 20,37.3216441,127.1163051,아파트주차장,39,38,28,24,29,508
184,필모텔,경기도 용인시 처인구 중부대로 1412,37.2325502,127.2009862,숙박업소,52,34,19,13,28,507
185,아스트로호텔,경기도 용인시 수지구 포은대로 479,37.32415417,127.1021993,숙박업소,24,35,41,46,31,506
186,수지스테이25,경기도 용인시 수지구 신수로 613,37.32454332,127.10266,숙박업소,24,35,41,46,30,505
187,대성여인숙,경기도 용인시 수지구 풍덕천로172번길 19-2 ,37.324039,127.101332,숙박업소,20,34,47,48,32,505
188,구갈한성1차,경기도 용인시 기흥구 기흥로 29,37.27866,127.114786,아파트주차장,18,38,37,36,77,502
189,갈현마을현대홈타운,경기도 용인시 기흥구 관곡로 16,37.2820122,127.1070063,아파트주차장,38,33,21,36,45,502
190,창원여관,경기도 용인시 처인구 중부대로 1415 ,37.2330268,127.2015171,숙박업소,50,33,22,12,29,501
191,기흥동부아파트,경기도 용인시 기흥구 구갈로28번길 32,37.276744,127.1147408,아파트주차장,15,39,38,37,81,500
192,벽산타운1단지,경기도 용인시 수지구 용구대로2771번길 68,37.3364667,127.1054931,아파트주차장,47,30,26,25,17,500
193,현인마을대림이편한세상2차,경기도 용인시 수지구 탄천상로 29,37.3344694,127.1112776,아파트주차장,40,37,28,19,26,496
194,와우(WOW),경기도 용인시 처인구 중부대로 1417-1,37.2330534,127.2017876,숙박업소,49,33,22,11,30,495
195,호수마을동보노빌리티,경기도 용인시 기흥구 동백평촌로 39,37.2821747,127.1546651,아파트주차장,34,38,20,37,37,493
196,G모텔,경기도 용인시 기흥구 신갈로58번길 29-7,37.27333733,127.1086931,숙박업소,20,34,28,46,80,492
197,기흥구청,경기도 용인시 기흥구 관곡로 95,37.2802242,127.1151398,관공서,20,39,36,31,66,492
198,동문그린,경기도 용인시 수지구 고기로45번길 58,37.3392899,127.0927274,아파트주차장,44,35,14,35,20,492
199,풍덕천동 한샘 더랜드마크,경기도 용인시 수지구 포은대로 477,37.3240079,127.1019727,아파트주차장,22,34,41,45,32,491
200,동일하이빌2단지,경기도 용인시 수지구 신봉3로11번길 10-7,37.3258281,127.0677228,아파트주차장,37,41,23,27,18,490
201,상현엘지자이,경기도 용인시 수지구 만현로133번길 33,37.3041327,127.0897095,아파트주차장,35,35,33,32,11,489
202,광교상현솔하임,경기도 용인시 수지구 상현로 6,37.3025489,127.074759,아파트주차장,50,15,34,28,20,488
203,꽃메마을아이파크2차,경기도 용인시 수지구 죽전로 121,37.3238557,127.1207011,아파트주차장,35,32,27,37,26,484
204,한일유엔아이,경기도 용인시 수지구 신봉1로48번길 29,37.3243278,127.081438,아파트주차장,25,22,47,48,29,479
205,벽산첼시빌2,경기도 용인시 수지구 성복1로 107,37.3144979,127.0663465,아파트주차장,47,37,14,22,10,479
206,백현마을동일하이빌,경기도 용인시 기흥구 동백중앙로 312,37.2798532,127.1576534,아파트주차장,33,35,25,29,36,474
207,래미안이스트팰리스2단지,경기도 용인시 수지구 동천로113번길 10,37.3364872,127.0900934,아파트주차장,38,34,16,37,25,473
208,버들치마을힐스테이트2차,경기도 용인시 수지구 성복1로164번길 13,37.3184372,127.0635799,아파트주차장,41,36,21,24,12,472
209,해든마을동문굿모닝힐,경기도 용인시 기흥구 동백죽전대로 455-10,37.2802174,127.1508744,아파트주차장,38,34,14,36,31,471
210,엘지자이1차,경기도 용인시 수지구 신봉2로 26,37.3260322,127.0782523,아파트주차장,29,26,42,39,17,470
211,호수마을서해그랑블,경기도 용인시 기흥구 동백7로 56,37.2818739,127.1574618,아파트주차장,30,36,24,32,35,465
212,역북마을신성,경기도 용인시 처인구 명지로 15-5,37.2351715,127.189674,아파트주차장,31,32,27,33,34,464
213,리오모텔,경기도 용인시 기흥구 중부대로 393-1 ,37.27286514,127.1103761,숙박업소,16,32,31,42,76,461
214,서울여관,경기도 용인시 처인구 금령로 62 ,37.2345196,127.2032339,숙박업소,43,31,24,10,27,458
215,게스트하우스포유,경기도 용인시 처인구 금령로 62,37.2345196,127.2032339,숙박업소,43,31,24,10,27,458
216,아담장,경기도 용인시 기흥구 중부대로 393 ,37.272576,127.1101633,숙박업소,16,31,31,43,74,457
217,동백동원로얄듀크,경기도 용인시 기흥구 동백죽전대로 455-17,37.2795982,127.1490963,아파트주차장,39,31,14,34,27,456
218,성복힐스테이트3차,경기도 용인시 수지구 성복2로 220,37.3210477,127.0635893,아파트주차장,39,33,22,24,13,454
219,창죽벽산첼시빌,경기도 용인시 수지구 용구대로2771번길 88,37.3372768,127.1058537,아파트주차장,41,30,20,24,16,449
220,래미안이스트팰리스3단지,경기도 용인시 수지구 동천로135번길 21,37.3338596,127.0890372,아파트주차장,34,31,19,34,26,445
221,백현마을코아루,경기도 용인시 기흥구 동백7로 80,37.2808595,127.159274,아파트주차장,30,33,25,26,36,445
222,도현마을현대,경기도 용인시 기흥구 구갈로 115-16,37.2857224,127.1099296,아파트주차장,36,28,24,28,23,443
223,광교상떼빌파크뷰(구 상현마을성원상떼빌아파트),경기도 용인시 수지구 상현로 30-10,37.3001978,127.0779709,아파트주차장,46,14,31,22,18,441
224,동천동,경기도 용인시 수지구 신수로783번길 40,37.341641,127.0989977,관공서,39,33,14,30,11,440
225,덕창장,경기도 용인시 기흥구 중부대로 375 ,37.2721789,127.1085478,숙박업소,17,28,28,44,70,439
226,죽전누리에뜰,경기도 용인시 기흥구 죽전로 20,37.320049,127.1108698,아파트주차장,32,28,31,24,25,438
227,성산마을신영지웰,경기도 용인시 기흥구 동백5로 41,37.2759049,127.1547939,아파트주차장,35,31,23,23,23,437
228,골든파크,경기도 용인시 처인구 금령로71번길 6-2,37.23541357,127.204378,숙박업소,41,27,26,9,27,436
229,새릉골풍림,경기도 용인시 기흥구 기흥로116번길 7,37.2868139,127.1120132,아파트주차장,34,26,29,27,19,434
230,양현마을신안풍림,경기도 용인시 기흥구 산양로 17,37.2839692,127.1071072,아파트주차장,34,26,22,30,33,433
231,용인죽전동부센트레빌,경기도 용인시 수지구 대지로 139,37.3303433,127.124804,아파트주차장,23,19,43,45,21,431
232,호수마을계룡리슈빌,경기도 용인시 기흥구 동백평촌로 15,37.2842698,127.1546789,아파트주차장,24,35,20,39,30,428
233,진산마을삼성래미안6차,경기 용인시 수지구 진산로 108,37.3194814,127.0999077,아파트주차장,18,21,44,46,29,427
234,신갈동,경기도 용인시 기흥구 신갈로58번길 11,37.2725093,127.1070081,관공서,19,27,24,42,68,427
235,광교상현마을 현대아파트,경기도 용인시 수지구 상현로 2,37.3017107,127.0734575,아파트주차장,43,12,31,26,19,427
236,미니여관,경기도 용인시 처인구 금령로71번길 6-4,37.23551343,127.2046595,숙박업소,39,26,27,10,27,427
237,파래스장,경기도 용인시 기흥구 중부대로 382 ,37.2716555,127.1094152,숙박업소,16,29,28,41,63,425
238,대흥여인숙,경기도 용인시 기흥구 신갈로58번길 16-1 ,37.2721257,127.1076007,숙박업소,17,28,24,44,66,423
239,힐스테이트기흥,경기도 용인시 기흥구 기흥역로 63,37.275657,127.115944,아파트주차장,8,33,36,33,77,423
240,기흥역파크푸르지오아파트,경기도 용인시 기흥구 기흥역로58번길 56,37.275657,127.115944,아파트주차장,8,33,36,33,77,423
241,기흥역 더샵 아파트,경기도 용인시 기흥구 기흥역로58번길 78,37.275657,127.115944,아파트주차장,8,33,36,33,77,423
242,기흥역 롯데캐슬레이시티,경기도 용인시 기흥구 기흥역로 9,37.275657,127.115944,아파트주차장,8,33,36,33,77,423
243,기흥역지웰푸르지오(주상복합),경기도 용인시 기흥구 기흥역로 16,37.275657,127.115944,아파트주차장,8,33,36,33,77,423
244,대호장,경기도 용인시 기흥구 신갈로68번길 2,37.27256173,127.1058547,숙박업소,20,25,23,45,63,422
245,광교산자이아파트,경기도 용인시 수지구 신봉2로 93,37.3288652,127.0722041,아파트주차장,26,36,27,27,10,419
246,힐스테이트 광교산,경기도 용인시 수지구 신봉2로 154,37.3288652,127.0722041,아파트주차장,26,36,27,27,10,419
247,웰스톤시티,경기도 용인시 수지구 신봉2로 60,37.3288652,127.0722041,아파트주차장,26,36,27,27,10,419
248,기흥역센트럴푸르지오,경기도 용인시 기흥구 기흥역로58번길 10,37.2719957,127.1070119,아파트주차장,18,26,24,43,66,418
249,파크시엘아파트,경기도 용인시 기흥구 새천년로 40,37.2885804,127.114221,아파트주차장,34,25,26,27,15,417
250,신봉센트레빌1단지,경기도 용인시 수지구 신봉1로172번길 8,37.3288257,127.0698681,아파트주차장,28,37,23,24,12,417
251,백현마을상록롯데캐슬,경기도 용인시 기흥구 동백5로 79,37.2765666,127.1574882,아파트주차장,32,27,28,19,27,417
252,풍림2차,경기도 용인시 수지구 동천로 18,37.3415576,127.1003485,아파트주차장,38,29,15,27,10,415
253,엘지신봉자이2차,경기도 용인시 수지구 신봉2로 72,37.3291472,127.074433,아파트주차장,25,30,33,29,11,413
254,호수마을주공3단지,경기도 용인시 기흥구 동백8로 64,37.2840116,127.1577695,아파트주차장,23,35,20,33,32,413
255,보뜨랑마을벽산블루밍,경기도 용인시 수지구 신수로783번길 50,37.3421561,127.0986033,아파트주차장,37,29,14,29,11,412
256,샬레파인비스타 아파트,경기도 용인시 기흥구 진산로 140,37.3221811,127.1045554,아파트주차장,18,31,36,33,24,412
257,이안 두드림기흥역,경기도 용인시 기흥구 중부대로 376,37.2713491,127.1088506,아파트주차장,15,28,27,40,62,410
258,꽃메마을극동스타클래스,경기도 용인시 수지구 죽전로 116,37.3225553,127.1211709,아파트주차장,31,28,20,32,19,410
259,삼화여관,경기도 용인시 기흥구 신갈로58번길 7,37.2721584,127.1065449,숙박업소,18,25,23,43,63,408
260,풍원장,경기도 용인시 기흥구 신갈로58번길 5,37.27211269,127.1063533,숙박업소,17,24,24,43,65,404
261,스카이호텔,경기도 용인시 기흥구 갈천로7번길 83,37.2712149,127.1084337,숙박업소,14,28,26,41,62,404
262,새천년그린빌주공2단지,경기도 용인시 기흥구 새천년로 27,37.2898634,127.1120462,아파트주차장,34,23,24,29,11,403
263,상상호텔2,경기도 용인시 기흥구 갈천로7번길 73 ,37.27097093,127.1072616,숙박업소,16,26,26,42,56,402
264,상상호텔1,경기도 용인시 기흥구 갈천로7번길 73 ,37.27097093,127.1072616,숙박업소,16,26,26,42,56,402
265,제일여인숙,경기도 용인시 기흥구 구성로 76 ,37.2945428,127.1177481,숙박업소,24,26,30,28,28,398
266,중앙동,경기도 용인시 처인구 금령로78번길 7,37.2341249,127.2051699,관공서,38,23,24,8,27,397
267,호텔.폴,경기도 용인시 기흥구 중부대로 360 ,37.27106896,127.1069227,숙박업소,16,26,23,43,58,397
268,용인 구성역 효성해링턴플레이스,경기도 용인시 기흥구 구성로53번길 20,37.2966346,127.1159556,아파트주차장,21,25,34,31,27,396
269,민속마을쌍용,경기도 용인시 기흥구 사은로126번길 10,37.2535722,127.1172429,아파트주차장,25,37,32,9,7,394
270,드림파크,경기도 용인시 처인구 금령로71번길 6-12,37.23576725,127.2052335,숙박업소,35,22,28,9,28,393
271,역북2단지 우남퍼스트빌아파트,경기 용인시 처인구 낙은로 59,37.2414775,127.1962133,아파트주차장,27,27,26,25,21,392
272,역북신원아침도시아파트,경기도 용인시 처인구 낙은로 11,37.2414775,127.1962133,아파트주차장,27,27,26,25,21,392
273,역북1단지 우남퍼스트빌 아파트,경기 용인시 처인구 낙은로 60,37.2414775,127.1962133,아파트주차장,27,27,26,25,21,392
274,신봉동 동도센트리움,경기도 용인시 수지구 신봉3로 6,37.3264919,127.0657722,아파트주차장,30,33,17,20,17,390
275,성현마을우미2차,경기도 용인시 수지구 죽전로 143,37.3248535,127.1235419,아파트주차장,23,27,24,38,19,390
276,새천년그린빌주공3단지,경기도 용인시 기흥구 새천년로16번길 16,37.2883351,127.1102315,아파트주차장,32,23,24,26,12,388
277,신갈장,경기도 용인시 기흥구 갈천로7번길 51-22,37.27105451,127.1052873,숙박업소,19,21,23,42,56,388
278,백현마을한라비발디2단지,경기도 용인시 기흥구 동백7로 96,37.279908,127.1609343,아파트주차장,25,27,26,22,30,385
279,하마비마을동부센트레빌,경기도 용인시 기흥구 구성로 97,37.2949115,127.1218581,아파트주차장,23,29,26,21,32,383
280,구성동,경기도 용인시 기흥구 구성로77번길 17,37.2965012,127.1189634,관공서,19,27,32,25,32,381
281,산까치장,경기도 용인시 기흥구 마북로 61,37.2969303,127.1179322,숙박업소,20,25,33,27,28,381
282,용인신갈푸르지오,경기도 용인시 기흥구 기흥로116번길 77,37.2898984,127.1178021,아파트주차장,31,24,25,18,18,380
283,인성마을현대,경기도 용인시 기흥구 용구대로 2242,37.2867008,127.1083516,아파트주차장,31,24,20,26,16,379
284,장미마을 삼성래미안2차,경기도 용인시 기흥구 구성로 90,37.2929651,127.1183347,아파트주차장,27,23,25,25,26,378
285,힐스테이트 구성 아파트,경기 용인시 기흥구 용인향교로 29,37.2967369,127.1202756,아파트주차장,20,26,31,24,31,376
286,삼익리베리움,경기도 용인시 기흥구 갈천로7번길 47,37.2706795,127.1055428,아파트주차장,17,21,23,41,54,374
287,행림마을진로,경기도 용인시 수지구 고기로 11,37.3423097,127.0999592,아파트주차장,35,25,13,25,9,373
288,기흥삼정,경기도 용인시 기흥구 사은로 64,37.2547375,127.1123312,아파트주차장,13,49,25,11,14,372
289,백현마을모아미래도1단지,경기도 용인시 기흥구 동백8로 90,37.283,127.1607297,아파트주차장,20,29,23,27,32,371
290,죽현마을아이파크1차,경기도 용인시 기흥구 보정로 87,37.3179762,127.1138299,아파트주차장,30,21,22,25,20,370
291,광교마을46단지 광교스타클래스,경기 용인시 수지구 법조로 252,37.2993199,127.0735488,아파트주차장,40,7,25,23,21,370
292,새터마을죽전힐스테이트,경기도 용인시 수지구 현암로125번길 11,37.3344908,127.1212644,아파트주차장,24,18,34,28,18,368
293,연원마을벽산아파트,경기도 용인시 기흥구 연원로42번길 2,37.3008836,127.1103555,아파트주차장,16,17,47,29,20,367
294,언남동부,경기도 용인시 기흥구 구성로 123,37.2932336,127.1226896,아파트주차장,24,27,25,17,28,365
295,용인보라해링턴플레이스아파트,경기도 용인시 기흥구 사은로84번길 10,37.2549828,127.1146427,아파트주차장,16,44,27,9,10,365
296,새천년그린빌주공1단지,경기도 용인시 기흥구 새천년로 13,37.289937,127.1106807,아파트주차장,31,21,22,26,8,365
297,백현마을한라비발디1단지,경기도 용인시 기흥구 동백7로 97,37.2810064,127.1620791,아파트주차장,24,26,22,23,28,364
298,호텔 M7,경기도 용인시 기흥구 갈천로7번길 51,37.27037764,127.1050427,숙박업소,16,19,25,41,51,364
299,삼성래미안1차,경기도 용인시 기흥구 용구대로2394번길 27,37.2990376,127.1115909,아파트주차장,18,17,41,32,19,364
300,역삼동,경기도 용인시 처인구 명지로 16,37.2345179,127.1879177,관공서,20,26,24,29,30,364
301,기흥파크뷰(새천년그린빌5단지),경기도 용인시 기흥구 기흥로116번길 60,37.2879835,127.1190086,아파트주차장,30,23,24,17,16,364
302,우미 린 센트럴파크 관리사무소,경기도 용인시 처인구 명지로16번길 25,37.2345179,127.1879177,아파트주차장,20,26,24,29,30,364
303,용인 명지대역 동원로얄듀크아파트,경기도 용인시 처인구 명지로16번길 26,37.2345179,127.1879177,아파트주차장,20,26,24,29,30,364
304,용화마을태영데시앙,경기도 용인시 기흥구 구성로 44-10,37.2939994,127.1134875,아파트주차장,24,20,28,31,17,363
305,래미안이스트팰리스1단지,경기도 용인시 수지구 동천로153번길 7,37.3363875,127.0880283,아파트주차장,29,27,10,29,21,362
306,특실여인숙,경기도 용인시 처인구 금령로93번길 2-1 ,37.235721,127.2067418,숙박업소,33,19,26,10,21,360
307,이화모텔,경기도 용인시 기흥구 갈천로 70,37.2698613,127.1069854,숙박업소,14,22,24,39,52,360
308,호수마을자연앤데시앙,경기도 용인시 기흥구 동백8로 9,37.2868152,127.1516292,아파트주차장,20,29,16,39,18,360
309,휴먼시아5단지,경기도 용인시 기흥구 동백8로 27,37.2864376,127.1545148,아파트주차장,16,34,17,35,22,359
310,청실장,경기도 용인시 기흥구 갈천로 78 ,37.27006256,127.1078754,숙박업소,13,23,24,39,51,358
311,충북여인숙,경기도 용인시 처인구 금령로85번길 8-7 ,37.2360465,127.2061228,숙박업소,32,18,29,9,21,358
312,신동백서해그랑블2차,경기도 용인시 기흥구 언동로217번길 31,37.277518,127.1473891,아파트주차장,31,26,7,28,22,358
313,민속마을현대모닝사이드,경기도 용인시 기흥구 사은로126번길 46,37.2522675,127.1205248,아파트주차장,28,25,32,8,5,357
314,마북우림,경기도 용인시 기흥구 구성로39번길 13,37.2962308,127.1132865,아파트주차장,20,20,33,30,18,357
315,용인여인숙,경기도 용인시 처인구 금령로93번길 2-2 ,37.23583446,127.2068905,숙박업소,33,18,26,10,21,356
316,한화포레나수지동천,경기도 용인시 수지구 고기로45번길 40,37.3414282,127.09015,아파트주차장,33,24,9,25,17,355
317,동천센트럴자이아파트,경기도 용인시 수지구 고기로45번길 40-18,37.3414282,127.09015,아파트주차장,33,24,9,25,17,355
318,금호장,경기도 용인시 기흥구 금화로108번길 37,37.26976031,127.1064333,숙박업소,14,21,24,39,51,355
319,호수마을월드메르디앙,경기도 용인시 기흥구 동백8로 19,37.2864301,127.1532112,아파트주차장,17,31,17,37,20,354
320,에덴하우스,경기도 용인시 기흥구 사은로84번길 3 ,37.255351,127.1147127,숙박업소,15,44,25,9,10,354
321,경림장여관,경기도 용인시 처인구 금령로90번길 9,37.23453508,127.2063431,숙박업소,31,20,27,8,22,354
322,버들치마을 경남아너스빌1차,경기도 용인시 수지구 성복1로 157,37.3147034,127.0623638,아파트주차장,34,27,13,15,6,353
323,원천마을푸르지오,경기도 용인시 수지구 고기로 3,37.342434,127.1010208,아파트주차장,31,26,13,24,7,353
324,성현마을반도유보라,경기도 용인시 수지구 죽전로193번길 35,37.3266759,127.1253051,아파트주차장,20,17,29,40,18,353
325,보정동,경기도 용인시 기흥구 죽전로 40,37.3266759,127.1253051,관공서,20,17,29,40,18,353
326,성현마을죽전주공3단지,경기도 용인시 수지구 죽전로193번길 11,37.3266759,127.1253051,아파트주차장,20,17,29,40,18,353
327,SR 디자인 호텔,경기도 용인시 처인구 금령로90번길 5,37.23483313,127.2065787,숙박업소,31,19,27,8,23,351
328,오스카호텔,경기도 용인시 처인구 금령로90번길 3-10,37.23501405,127.2068373,숙박업소,32,17,26,10,23,349
329,한보라마을휴먼시아4단지,경기도 용인시 기흥구 한보라1로43번길 23,37.250131,127.1113527,아파트주차장,13,38,26,14,25,348
330,구갈세종그랑시아 2단지,경기도 용인시 기흥구 기흥로38번길 34,37.2785323,127.118202,아파트주차장,8,28,30,23,60,348
331,경기여인숙,경기도 용인시 처인구 금령로99번길 3 3층 ,37.2357476,127.2070123,숙박업소,32,17,26,10,22,348
332,연원마을삼성쉐르빌아파트,경기도 용인시 기흥구 연원로42번길 33,37.3012583,127.1145336,아파트주차장,12,22,39,30,22,347
333,동일하이빌3단지,경기 용인시 수지구 신봉3로 25,37.3263184,127.0640869,아파트주차장,31,25,13,18,16,346
334,연원마을현대,경기도 용인시 기흥구 연원로 60,37.3025605,127.112153,아파트주차장,13,19,42,27,23,344
335,소설스미스,경기도 용인시 기흥구 민속촌로 57,37.25580402,127.1110843,숙박업소,9,46,23,13,14,338
336,솔뫼마을현대홈타운,경기도 용인시 기흥구 이현로30번길 7,37.3095812,127.097069,아파트주차장,21,18,26,37,7,336
337,어정마을서희삼정,경기도 용인시 기흥구 언동로 193-26,37.2792899,127.1450661,아파트주차장,30,24,5,27,19,334
338,연원마을엘지,경기도 용인시 기흥구 연원로 5,37.3015437,127.1079091,아파트주차장,13,15,46,27,17,334
339,웰메이드시티337,경기도 용인시 처인구 금령로106번길 14-8,37.2342101,127.2078005,아파트주차장,31,13,27,11,22,332
340,카멜레온,경기도 용인시 처인구 금령로107번길 9,37.2363511,127.2080384,숙박업소,28,15,29,11,22,331
341,스튜디오9호텔,경기도 용인시 처인구 금령로106번길 6,37.23497117,127.2079343,숙박업소,30,12,29,11,22,329
342,교동마을현대홈타운,경기도 용인시 기흥구 마북로 124-9,37.3003471,127.1245561,아파트주차장,17,25,26,19,25,326
343,연원마을성원아파트,경기도 용인시 기흥구 연원로 49,37.3036996,127.1100054,아파트주차장,11,16,44,26,22,325
344,용인동백두산위브더제니스,경기도 용인시 기흥구 동백죽전대로 507,37.2721371,127.1521978,아파트주차장,22,24,19,23,15,324
345,동백하우스디카바나,경기도 용인시 기흥구 동백죽전대로527번길 34,37.2721371,127.1521978,아파트주차장,22,24,19,23,15,324
346,신동백서해그랑블1차,경기도 용인시 기흥구 동백죽전대로527번길 81,37.2721371,127.1521978,아파트주차장,22,24,19,23,15,324
347,신동백롯데캐슬에코2단지,경기도 용인시 기흥구 동백죽전대로527번길 67,37.2721371,127.1521978,아파트주차장,22,24,19,23,15,324
348,신동백롯데캐슬에코1단지,경기도 용인시 기흥구 동백죽전대로527번길 80,37.2721371,127.1521978,아파트주차장,22,24,19,23,15,324
349,죽전건영캐스빌,경기도 용인시 수지구 죽전로 267,37.3335992,127.1259432,아파트주차장,20,12,34,29,15,323
350,아트인모텔,경기도 용인시 처인구 금령로107번길 5,37.2359082,127.2079593,숙박업소,28,13,29,10,23,322
351,우리여인숙,경기도 용인시 처인구 금령로107번길 15,37.23693553,127.207872,숙박업소,29,13,27,11,20,320
352,용인장여관,경기도 용인시 처인구 금령로99번길 6-3 ,37.23628675,127.2075313,숙박업소,28,14,27,10,23,320
353,용인구갈8,경기도 용인시 기흥구 강남동로 92,37.2713311,127.1357165,아파트주차장,15,37,14,15,24,319
354,에이스호텔,경기도 용인시 기흥구 신갈로 5-15,37.2685419,127.1049125,숙박업소,14,18,23,34,40,319
355,성산모텔,경기도 용인시 처인구 금령로107번길 16,37.23712663,127.2081707,숙박업소,29,12,28,11,19,318
356,성산마을서해그랑블,경기도 용인시 기흥구 동백4로 26,37.2713547,127.154829,아파트주차장,20,21,24,24,14,318
357,백현마을서해그랑블,경기도 용인시 기흥구 동백8로 89,37.2849797,127.16086,아파트주차장,14,28,18,28,25,317
358,대원여인숙,경기도 용인시 처인구 금령로107번길 6,37.2359977,127.2082638,숙박업소,27,13,29,10,22,316
359,버들치마을경남아너스빌2차,경기도 용인시 수지구 성복1로163번길 11,37.3155315,127.0606612,아파트주차장,30,22,15,14,5,316
360,자주모텔,경기도 용인시 처인구 금령로107번길 15,37.23702712,127.2080245,숙박업소,29,12,27,11,20,316
361,신라파크모텔,경기도 용인시 기흥구 중부대로 317 ,37.27092725,127.1022765,숙박업소,16,15,19,38,42,315
362,자자모텔,경기도 용인시 처인구 백옥대로 1135-1,37.2368808,127.2082099,숙박업소,28,12,28,11,20,314
363,마북동,경기도 용인시 기흥구 구교동로118번길 16,37.3022246,127.1173194,관공서,11,21,32,26,26,313
364,모델파크,경기도 용인시 처인구 백옥대로 1104 ,37.2340767,127.2093179,숙박업소,27,11,29,12,23,313
365,연원마을삼성명가타운,경기도 용인시 기흥구 용구대로 2460,37.3050626,127.1079318,아파트주차장,10,16,40,28,21,311
366,브라운도트 용인점,경기도 용인시 처인구 금령로106번길 5 ,37.23501745,127.2082127,숙박업소,27,12,29,9,22,310
367,벨리노에스 호텔,경기도 용인시 기흥구 용구대로 2361,37.2971345,127.1088068,숙박업소,18,12,36,25,13,309
368,구성자이3차,경기도 용인시 기흥구 구교동로118번길 7,37.3025762,127.1187109,아파트주차장,11,21,34,23,22,309
369,신라장,경기도 용인시 처인구 금령로106번길 7,37.23483728,127.2082584,숙박업소,27,12,28,10,22,309
370,화성파크드림아파트,경기도 용인시 기흥구 한보라2로 93,37.24867,127.1121499,아파트주차장,12,34,21,13,23,308
371,행운모텔,경기도 용인시 처인구 백옥대로 1135 ,37.23681153,127.2083298,숙박업소,28,11,28,10,20,308
372,백현마을모아미래도2단지,경기도 용인시 기흥구 동백8로 126,37.2820248,127.1634921,아파트주차장,19,22,18,22,27,308
373,지석마을그대가크레던스,경기도 용인시 기흥구 어정로 62-28,37.2684339,127.1361769,아파트주차장,12,40,12,14,23,307
374,신동백아이파크,경기도 용인시 기흥구 언동로217번길 11,37.2775888,127.1453481,아파트주차장,27,23,5,23,18,306
375,중앙모텔,경기도 용인시 처인구 금령로99번길 12-5,37.23689085,127.2075966,숙박업소,27,13,26,11,19,306
376,동일여인숙,경기도 용인시 처인구 금령로99번길 12-5 ,37.23689085,127.2075966,숙박업소,27,13,26,11,19,306
377,동천 파크 자이 아파트,경기도 용인시 수지구 동천로153번길 79,37.3356424,127.086916,아파트주차장,24,24,8,22,21,305
378,귀빈장여관,경기도 용인시 처인구 금령로106번길 7-3 ,37.23475649,127.208394,숙박업소,26,12,28,10,22,304
379,죽현마을LG자이,경기도 용인시 기흥구 보정로 88,37.317145,127.116421,아파트주차장,24,18,16,22,20,304
380,교동마을동양파라곤,경기도 용인시 기흥구 마북로 140,37.3014745,127.1227597,아파트주차장,12,24,27,21,24,303
381,"강남마을자연앤4,6단지",경기도 용인시 기흥구 강남동로 43,37.2704731,127.1319931,아파트주차장,15,31,12,19,30,303
382,선비파크,경기도 용인시 기흥구 상갈로 13,37.26779792,127.107233,숙박업소,9,19,25,33,41,303
383,남양모텔,경기도 용인시 기흥구 중부대로 313,37.27076341,127.1018036,숙박업소,17,14,17,35,40,302
384,T7 HOTEL,경기도 용인시 처인구 백옥대로 1130,37.23646165,127.2090075,숙박업소,25,12,30,9,21,302
385,리 디자인 호텔,경기도 용인시 기흥구 동백3로11번길 43,37.27224181,127.150353,숙박업소,20,24,16,22,13,301
386,삼흥여인숙,경기도 용인시 처인구 백옥대로 1124-2,37.23581265,127.20901,숙박업소,26,11,28,11,21,301
387,용인에스원스마트빌,경기도 용인시 처인구 백옥대로 1104,37.2340419,127.2094668,아파트주차장,26,10,28,12,23,301
388,구갈강남마을 계룡리슈빌,경기도 용인시 기흥구 강남동로 54,37.2694517,127.1335325,아파트주차장,13,35,12,17,26,301
389,수산여인숙,경기도 용인시 처인구 금령로99번길 18-12 ,37.2371616,127.2077309,숙박업소,27,12,26,10,19,300
390,동백동,경기도 용인시 기흥구 동백중앙로 214,37.2705385,127.1563635,관공서,19,18,25,23,12,300
391,동부센트레빌5단지,경기도 용인시 수지구 신봉1로 214,37.3299595,127.0670297,아파트주차장,20,27,14,19,12,300
392,교동마을정광,경기도 용인시 기흥구 마북로154번길 16,37.3021864,127.1248314,아파트주차장,15,21,25,22,21,299
393,낙원여인숙,경기도 용인시 처인구 용문로 196-1,37.23735009,127.2074032,숙박업소,26,14,25,10,18,299
394,한보라 에듀포레,경기도 용인시 기흥구 한보라1로43번길 22,37.2490286,127.1099826,아파트주차장,8,36,20,13,28,298
395,동도씨앤디주식회사 용인이스키아호텔지점,경기도 용인시 기흥구 동백3로11번길 37,37.27177475,127.1509192,숙박업소,19,23,17,23,14,298
396,휘닉스모텔,경기도 용인시 처인구 금령로117번길 13,37.23679539,127.2090965,숙박업소,24,12,30,9,21,297
397,용인역북골드클래스아파트,경기도 용인시 처인구 명지로40번길 35-29,37.232335,127.1881255,아파트주차장,14,23,18,27,25,295
398,호텔야자 용인터미널지점,경기도 용인시 처인구 금령로 110-8,37.23488285,127.2084612,숙박업소,25,11,28,10,22,295
399,역북지웰 푸르지오,경기도 용인시 처인구 명지로40번길 35-16,37.232335,127.1881255,아파트주차장,14,23,18,27,25,295
400,흥덕마을3단지,경기도 용인시 기흥구 흥덕2로 80,37.2744849,127.0749098,아파트주차장,21,24,15,17,15,295
401,민속마을 신창미션힐,경기도 용인시 기흥구 사은로126번길 33,37.2523963,127.122345,아파트주차장,26,16,27,8,3,294
402,백현마을주공7단지,경기도 용인시 기흥구 동백8로 103,37.2843505,127.1629871,아파트주차장,15,23,18,24,25,294
403,로얄파크,경기도 용인시 처인구 중부대로 1493-7,37.23385828,127.209694,숙박업소,26,10,25,12,24,293
404,호텔 컬리넌 용인,경기도 용인시 처인구 백옥대로 1102,37.2337702,127.2094298,숙박업소,25,10,27,12,23,293
405,대원칸타빌,경기도 용인시 기흥구 동백2로 37,37.2694433,127.156581,아파트주차장,18,19,24,22,11,293
406,민속장,경기도 용인시 기흥구 신갈로 2 ,37.2666582,127.1055751,숙박업소,10,20,23,30,34,293
407,NO25 용인터미널점,경기도 용인시 처인구 금령로117번길 17 ,37.2369937,127.2090957,숙박업소,23,11,30,10,20,289
408,어은목마을한라비발디3단지,경기도 용인시 기흥구 동백4로 72,37.2709056,127.1581929,아파트주차장,19,18,25,19,9,289
409,상하동,경기도 용인시 기흥구 어정로 62-23,37.2702308,127.1380528,관공서,13,37,11,11,21,289
410,신일유토빌,경기도 용인시 기흥구 어정로 62-7,37.2711718,127.1390783,아파트주차장,14,37,11,11,16,289
411,J모텔,경기도 용인시 처인구 중부대로 1493-5,37.23375028,127.209762,숙박업소,26,9,25,12,23,288
412,교동마을현대,경기도 용인시 기흥구 마북로 139,37.3030087,127.121007,아파트주차장,12,20,29,20,20,287
413,호텔 탑,경기도 용인시 기흥구 용구대로 2363,37.2972366,127.1083234,숙박업소,15,10,37,24,12,286
414,호텔 헤르메스,경기도 용인시 처인구 금령로117번길 19 ,37.23707766,127.2090444,숙박업소,23,10,30,10,20,285
415,동일하이빌2차,경기도 용인시 기흥구 언남로 15,37.2933368,127.1275089,아파트주차장,19,23,19,11,17,283
416,그래이스모텔,경기도 용인시 기흥구 용구대로2219번길 14,37.2871837,127.1054338,숙박업소,24,16,16,20,10,282
417,호텔스테이,경기도 용인시 처인구 금령로 142-1,37.23481058,127.2120803,숙박업소,23,7,29,15,22,282
418,초콜릿,경기도 용인시 처인구 중부대로 1493-3,37.23353422,127.2098756,숙박업소,25,9,25,12,22,282
419,초원마을성원상떼빌,경기도 용인시 기흥구 기흥로116번길 100,37.2893069,127.1224837,아파트주차장,22,20,18,11,15,281
420,동일하이빌1차,경기도 용인시 기흥구 구성로 105-15,37.2963246,127.1274879,아파트주차장,17,20,22,14,21,280
421,상갈동,경기도 용인시 기흥구 상갈로 2,37.2665434,127.1076299,관공서,7,21,23,29,32,278
422,죽전현대1차,경기도 용인시 수지구 죽전로 244,37.3319073,127.1297882,아파트주차장,17,12,26,27,13,278
423,유림장,경기도 용인시 처인구 금령로 136-2,37.23490759,127.2112006,숙박업소,20,8,32,14,22,278
424,마평우성,경기도 용인시 처인구 금령로173번길 5,37.234869,127.2150041,아파트주차장,22,6,30,17,19,277
425,초록마을 풍림아파트,경기도 용인시 기흥구 어정로 80,37.2725703,127.1398269,아파트주차장,15,34,10,9,17,276
426,어은목마을 벽산블루밍,경기도 용인시 기흥구 동백2로 11,37.2682124,127.1546826,아파트주차장,16,18,20,25,14,276
427,강남마을9단지한라비발디,경기도 용인시 기흥구 강남동로 128,37.2752113,127.1374638,아파트주차장,17,29,11,12,17,275
428,센츄럴,경기도 용인시 기흥구 용구대로2219번길 28 ,37.2880661,127.1061906,숙박업소,25,15,15,18,8,274
429,리스빌,경기도 용인시 처인구 금령로 157,37.23486879,127.2137824,숙박업소,20,6,32,16,21,273
430,금전마을리슈빌아파트,경기도 용인시 처인구 둔전로 15,37.2666255,127.2160929,아파트주차장,17,14,24,17,22,269
431,백현마을경남아너스빌,경기도 용인시 기흥구 동백8로131번길 9,37.2834609,127.1647438,아파트주차장,17,17,18,20,21,268
432,용인마평,경기도 용인시 처인구 고림로 22,37.2356367,127.2143256,아파트주차장,21,6,29,15,19,265
433,동천자이아파트,경기도 용인시 수지구 고기로 89,37.3453396,127.0929391,아파트주차장,27,14,11,14,13,265
434,교동마을쌍용,경기 용인시 기흥구 마북로154번길 23,37.3033372,127.1269241,아파트주차장,15,18,20,20,17,264
435,신원1차,경기도 용인시 처인구 포곡로 90,37.2673683,127.215862,아파트주차장,17,12,24,17,21,260
436,물푸레마을휴먼시아7단지,경기도 용인시 기흥구 구성로 395,37.2929383,127.1517849,아파트주차장,17,17,17,24,8,260
437,신원2차,경기도 용인시 처인구 포곡로 98-1,37.2671718,127.2174808,아파트주차장,17,12,24,15,23,258
438,물푸레마을휴먼시아9단지,경기도 용인시 기흥구 구성로 392,37.2918368,127.1531055,아파트주차장,14,21,15,25,6,255
439,용인인정프린스2차,경기도 용인시 처인구 경안천로 378,37.2644087,127.2163425,아파트주차장,19,14,17,16,20,254
440,죽전자이2차,경기도 용인시 기흥구 용구대로2469번길 20,37.3079519,127.1063048,아파트주차장,8,14,29,28,15,254
441,용인마평두보,경기도 용인시 처인구 금령로173번길 14,37.2355102,127.2163115,아파트주차장,20,6,28,14,17,253
442,보라마을현대모닝사이드2차,경기 용인시 기흥구 용구대로 1842,37.2528157,127.1063669,아파트주차장,5,30,19,13,25,253
443,삼성래미안,경기도 용인시 기흥구 한보라1로64번길 22,37.2517612,127.1063354,아파트주차장,5,30,17,13,28,250
444,광교마을45단지,경기도 용인시 수지구 광교마을로 11,37.2964591,127.0715785,아파트주차장,25,3,18,19,21,250
445,광교상록자이,경기도 용인시 수지구 광교마을로 62,37.2964591,127.0715785,아파트주차장,25,3,18,19,21,250
446,구갈동,경기도 용인시 기흥구 강남로 23,37.2724176,127.1275789,관공서,13,17,11,23,37,249
447,청덕마을광도와이드빌,경기도 용인시 기흥구 언동로71번길 64,37.2876158,127.1456712,아파트주차장,17,14,12,30,11,248
448,인정프린스1차,경기도 용인시 처인구 금어로 6,37.2648788,127.2160344,아파트주차장,18,13,18,16,20,248
449,동일하이빌4단지,경기도 용인시 수지구 신봉3로12번길 9,37.330039,127.0647753,아파트주차장,19,20,9,15,13,245
450,진흥더블파크,경기도 용인시 수지구 죽전로254번길 29,37.3330962,127.13057,아파트주차장,17,10,22,21,11,244
451,강남마을코오롱하늘채,경기도 용인시 기흥구 강남동로 20,37.2700528,127.1288736,아파트주차장,11,21,9,23,31,243
452,신촌마을상록데시앙,경기도 용인시 기흥구 보정로 26,37.3131032,127.1105962,아파트주차장,11,10,21,32,19,241
453,광교경남아너스빌,경기도 용인시 수지구 광교마을로 2,37.297037,127.06924,아파트주차장,24,2,16,21,21,239
454,교동마을LG자이,경기 용인시 기흥구 마북로 182,37.3052495,127.1256036,아파트주차장,12,17,19,19,16,239
455,신촌마을포스홈타운2단지,경기도 용인시 기흥구 신촌로47번길 11,37.308879,127.1092833,아파트주차장,7,14,24,27,20,237
456,호반써밋 레이크파크,경기도 용인시 기흥구 흥덕1로79번길 37,37.2775755,127.0700616,아파트주차장,18,16,19,11,4,237
457,광교레이크스위첸,경기도 용인시 기흥구 흥덕2로117번길 14,37.2786452,127.0721345,아파트주차장,18,15,18,13,5,235
458,동아솔레시티,경기도 용인시 기흥구 보정로 30,37.311563,127.1123596,아파트주차장,10,10,21,31,20,235
459,동백역 경남아너스빌,경기도 용인시 기흥구 동백2로 12,37.2666613,127.1558939,아파트주차장,12,14,20,23,12,234
460,보정한화꿈에그린,경기도 용인시 기흥구 구교동로 17,37.3043289,127.1223932,아파트주차장,11,16,21,19,14,234
461,흥덕마을주공4단지,경기도 용인시 기흥구 흥덕2로 46,37.2716868,127.0741818,아파트주차장,16,19,11,16,13,234
462,금화마을주공4단지,경기도 용인시 기흥구 금화로58번길 10,37.2625199,127.1103673,아파트주차장,2,27,19,20,18,233
463,흥덕마을7단지힐스테이트,경기도 용인시 기흥구 흥덕2로 126,37.2794202,127.0735256,아파트주차장,20,14,16,12,5,233
464,호반베르디움,경기도 용인시 기흥구 구성로 411,37.2933522,127.153834,아파트주차장,15,18,13,20,6,232
465,영덕동,경기도 용인시 기흥구 흥덕2로 118번길 2,37.2718661,127.0737664,관공서,16,19,11,15,11,230
466,흥덕우미린레이크포레,경기도 용인시 기흥구 흥덕2로118번길 26,37.2718661,127.0737664,아파트주차장,16,19,11,15,11,230
467,용인흥덕아델리움8단지,경기도 용인시 기흥구 흥덕2로118번길 25,37.2718661,127.0737664,아파트주차장,16,19,11,15,11,230
468,힉스유타워 아파트,경기도 용인시 기흥구 중부대로 184,37.2653654,127.1005782,아파트주차장,11,11,21,20,27,229
469,기흥역롯데캐슬스카이,경기 용인시 기흥구 중부대로 375,37.2653654,127.1005782,아파트주차장,11,11,21,20,27,229
470,마북e편한세상,경기도 용인시 기흥구 마북로 210,37.306559,127.1285733,아파트주차장,12,16,16,19,18,228
471,금화마을대우현대,경기도 용인시 기흥구 금화로82번길 14,37.2646464,127.1099995,아파트주차장,3,19,22,24,22,227
472,인정프린스3차,경기도 용인시 처인구 경안천로 368,37.2638714,127.2167134,아파트주차장,16,14,13,16,19,226
473,금화마을주공6단지,경기도 용인시 기흥구 금화로11번길 9,37.2628099,127.1050877,아파트주차장,4,21,20,20,22,226
474,교동마을신창아파트,경기도 용인시 기흥구 마북로 186,37.3059191,127.1267138,아파트주차장,12,16,16,19,16,226
475,마평라이프,경기도 용인시 처인구 동부로 7,37.2320043,127.2143159,아파트주차장,16,6,25,14,18,225
476,금화마을주공5단지,경기도 용인시 기흥구 금화로82번길 17,37.2663947,127.1121786,아파트주차장,3,17,24,25,20,225
477,용인대우,경기도 용인시 기흥구 중부대로 735,37.262862,127.1411955,아파트주차장,12,23,12,13,11,225
478,휴먼시아흥덕마을1단지,경기도 용인시 기흥구 흥덕1로79번길 9,37.2744927,127.0691151,아파트주차장,17,15,17,12,4,224
479,금화마을주공3단지,경기도 용인시 기흥구 금화로11번길 10,37.2624271,127.1071395,아파트주차장,2,23,19,21,22,223
480,인정멜로디,경기도 용인시 처인구 포곡로61번길 17,37.2701831,127.2123037,아파트주차장,17,8,22,11,16,221
481,물푸레마을휴먼시아5단지,경기도 용인시 기흥구 구성3로 38,37.2955695,127.150906,아파트주차장,16,11,16,21,7,221
482,지석마을진흥더루벤스2차,경기도 용인시 기흥구 중부대로746번길 21,37.2593378,127.1385907,아파트주차장,12,17,19,11,13,220
483,푸른마을 용인 자이 아파트,경기도 용인시 처인구 금학로 520,37.2343196,127.2185868,아파트주차장,19,5,22,13,13,220
484,우남퍼스트빌,경기도 용인시 수지구 신봉1로 27,37.319775,127.0806664,아파트주차장,16,15,5,26,12,219
485,물푸레마을휴먼시아2단지,경기도 용인시 기흥구 구성3로 37,37.2954196,127.1492204,아파트주차장,16,10,17,20,8,219
486,광교휴먼시아41단지,경기도 용인시 수지구 광교마을로 90,37.2954416,127.0757315,아파트주차장,24,5,12,13,14,216
487,청현마을 두진,경기도 용인시 기흥구 덕영대로2077번길 8,37.2686108,127.096387,아파트주차장,16,4,21,18,21,216
488,신촌마을포스홈타운1단지,경기도 용인시 기흥구 용구대로2518번길 15,37.3106907,127.1101937,아파트주차장,7,11,20,29,19,216
489,래미안이스트팰리스4단지,경기도 용인시 수지구 동천로153번길 6,37.3356019,127.0850101,아파트주차장,16,18,4,17,18,216
490,영덕신일,경기도 용인시 기흥구 덕영대로2077번길 20,37.2675494,127.095916,아파트주차장,16,4,21,17,22,215
491,참솔마을월드메르디앙,경기도 용인시 기흥구 동백죽전대로 283,37.2648552,127.1538283,아파트주차장,11,12,18,21,14,213
492,진우,경기도 용인시 처인구 중부대로 1144,37.2390156,127.1717026,아파트주차장,12,15,6,30,15,213
493,수원동마을쌍용아파트,경기도 용인시 기흥구 중부대로788번길 22,37.2572094,127.1389599,아파트주차장,12,14,21,10,14,213
494,지석마을진흥더루벤스1단지,경기도 용인시 기흥구 중부대로746번길 20,37.2609884,127.1374524,아파트주차장,10,19,16,12,11,209
495,용인행정타운두산위브2단지,경기도 용인시 처인구 지삼로590번길 9,37.2407937,127.1685228,아파트주차장,17,9,7,26,15,209
496,한보라 더힐,경기도 용인시 기흥구 한보라1로 91,37.2475962,127.1068039,아파트주차장,2,22,18,10,35,207
497,동원로얄듀크,경기도 용인시 기흥구 죽현로 12,37.318504,127.11007,아파트주차장,15,16,8,12,20,207
498,호텔주노,경기도 용인시 처인구 중부대로 1081,37.24349041,127.1671165,숙박업소,22,8,7,15,12,205
499,칼리야 모텔,경기도 용인시 처인구 중부대로 1077,37.24360737,127.1670371,숙박업소,22,8,7,15,12,205
500,모현모텔,경기도 용인시 처인구 모현읍 백옥대로2384번길 21-27,37.33660294,127.2507631,숙박업소,11,16,20,4,18,205
501,수원동마을쌍용스윗닷홈2단지,경기도 용인시 기흥구 중부대로788번길 15,37.2558923,127.1414775,아파트주차장,11,12,24,8,13,204
502,구성더포레스트,경기도 용인시 기흥구 구성로 475,37.2936263,127.146836,아파트주차장,14,9,15,20,8,199
503,백현마을주공9단지,경기도 용인시 기흥구 동백8로131번길 20,37.2823852,127.1666818,아파트주차장,13,13,14,12,15,198
504,김량장동현대아파트,경기도 용인시 처인구 백옥대로1068번길 12,37.2301687,127.2115864,아파트주차장,15,6,19,12,15,195
505,화성파크드림프라브,경기도 용인시 기흥구 한보라2로 141,37.2453941,127.1106566,아파트주차장,5,19,13,12,31,195
506,내대지마을주공5단지,경기도 용인시 수지구 디지털벨리로 21,37.3297068,127.1325894,아파트주차장,11,9,17,22,9,195
507,인정프린스4차,경기도 용인시 기흥구 중부대로 820,37.2559873,127.1428991,아파트주차장,10,10,25,8,13,194
508,행정타운늘푸른오스카빌,경기도 용인시 처인구 중부대로1158번길 12,37.2377369,127.1704115,아파트주차장,11,12,6,28,14,191
509,동부동,경기도 용인시 처인구 중부대로 1574,37.2327418,127.2191418,관공서,17,4,18,11,13,190
510,서천마을2단지,경기도 용인시 기흥구 서천로128번길 12,37.2380967,127.0722069,아파트주차장,11,21,7,8,11,187
511,용인삼가풍림,경기도 용인시 처인구 금학로1번길 9,37.2460967,127.1669913,아파트주차장,22,8,6,8,8,184
512,용인기흥 효성해링턴플레이스아파트,경기도 용인시 기흥구 덕영대로2077번길 33,37.2668569,127.0938951,아파트주차장,14,5,18,12,16,184
513,흥덕11단지경남아너스빌,경기도 용인시 기흥구 흥덕중앙로105번길 41,37.2804603,127.0777212,아파트주차장,14,13,11,9,9,182
514,성지네트웍스 더트리니호텔,경기도 용인시 처인구 중부대로 1218,37.23730792,127.1806162,숙박업소,5,16,11,22,14,180
515,더트리니호텔(THE TRINY HOTEL),경기도 용인시 처인구 중부대로 1218,37.23730792,127.1806162,숙박업소,5,16,11,22,14,180
516,초당마을삼부르네상스아파트,경기도 용인시 기흥구 동백1로 9,37.2642454,127.1574124,아파트주차장,9,10,17,18,8,180
517,(주)청송네트웍스(더트리니호텔),경기도 용인시 처인구 중부대로 1218,37.23730792,127.1806162,숙박업소,5,16,11,22,14,180
518,물푸레마을휴먼시아1단지,경기도 용인시 기흥구 구성2로 52,37.2949904,127.1468115,아파트주차장,14,7,14,16,7,179
519,용인센트럴코업호텔(yongincentral coophotel),경기도 용인시 처인구 중부대로 1216,37.23741438,127.1799844,숙박업소,6,16,10,22,11,179
520,동천더샵파크사이드,경기도 용인시 수지구 동천로178번길 4,37.3397068,127.0849429,아파트주차장,15,14,2,14,12,177
521,엠스테이호텔 경기기흥,경기도 용인시 기흥구 서천로117번길 7,37.2373132,127.073524,숙박업소,12,17,7,8,10,175
522,풍산햇빛마을,경기도 용인시 처인구 백옥대로2332번길 21-8,37.3326198,127.2496088,아파트주차장,10,11,18,3,19,173
523,서천마을휴먼시아3단지,경기도 용인시 기흥구 서천서로 125,37.235632,127.0701048,아파트주차장,10,18,9,7,9,172
524,센트럴파크원,경기도 용인시 기흥구 서천서로 27,37.235632,127.0701048,아파트주차장,10,18,9,7,9,172
525,신봉동부센트레빌6단지아파트,경기도 용인시 수지구 신봉1로 216,37.3332126,127.0648895,아파트주차장,12,15,6,12,9,171
526,구성신일해피트리,경기도 용인시 기흥구 구성로 184,37.2906602,127.1300277,아파트주차장,11,15,11,7,8,170
527,물푸레마을경남아너스빌,경기도 용인시 기흥구 구성로 470,37.2976382,127.1531397,아파트주차장,12,9,11,17,4,167
528,Monterey17 Hotel,경기도 용인시 기흥구 사은로 173,37.25616233,127.124344,숙박업소,13,10,17,4,2,166
529,청현마을기흥데시앙,경기도 용인시 기흥구 덕영대로2077번길 53,37.2656635,127.0938144,아파트주차장,12,5,17,10,15,166
530,보평마을 삼정그린뷰 아파트,경기도 용인시 처인구 금어로 74,37.2653799,127.2228773,아파트주차장,10,7,14,15,14,164
531,용인행정타운두산위브1단지,경기도 용인시 처인구 지삼로590번길 24,37.2379662,127.1669651,아파트주차장,11,7,5,25,14,162
532,용인행정타운두산위브3단지,경기도 용인시 처인구 지삼로590번길 29,37.2379662,127.1669651,아파트주차장,11,7,5,25,14,162
533,성현마을광명샤인빌,경기도 용인시 수지구 디지털벨리로 5,37.327677,127.1319098,아파트주차장,7,7,15,22,10,162
534,삼성쉐르빌아파트,경기도 용인시 처인구 포곡로 159,37.2721091,127.2222076,아파트주차장,10,9,17,5,14,161
535,대명레이크빌,경기도 용인시 기흥구 덕영대로2077번길 55,37.2656377,127.0926771,아파트주차장,12,5,16,9,15,161
536,흥덕마을14단지 호반베르디움,경기도 용인시 기흥구 흥덕3로 60,37.2739697,127.0831575,아파트주차장,8,13,3,15,28,159
537,모현KCC스위첸,경기도 용인시 처인구 외대로54번길 12,37.3342455,127.2534724,아파트주차장,8,11,16,4,16,156
538,용인성웅,경기도 용인시 처인구 영문로29번길 17,37.2674446,127.2070195,아파트주차장,14,7,10,11,5,155
539,용천여인숙,경기도 용인시 처인구 이동읍 원천로 3,37.1943356,127.2072612,숙박업소,9,9,17,3,12,150
540,카라반베이호텔,경기도 용인시 처인구 포곡읍 전대로 62,37.28422354,127.2188301,숙박업소,14,4,16,4,8,150
541,용인시청,경기도 용인시 처인구 중부대로 1199,37.240608,127.1772935,관공서,6,14,5,21,7,150
542,초당마을 삼부르네상스,경기도 용인시 기흥구 동백1로 12,37.2633455,127.1582015,아파트주차장,6,8,16,16,8,150
543,한보라마을휴먼시아7단지,경기도 용인시 기흥구 한보라2로 168,37.2447678,127.1084953,아파트주차장,0,14,13,11,32,149
544,샘골마을신미주1단지,경기도 용인시 처인구 백옥대로621번길 11,37.1922759,127.2045139,아파트주차장,9,9,16,4,12,149
545,힐스테이트 서천 아파트,경기 용인시 기흥구 서천동로 22,37.2403129,127.0755947,아파트주차장,10,15,3,9,10,147
546,홍실여인숙,경기도 용인시 처인구 포곡읍 전대로49번길 1 ,37.2830199,127.2197918,숙박업소,15,4,14,4,6,147
547,서농동,경기도 용인시 기흥구 서천동로 94,37.2403129,127.0755947,관공서,10,15,3,9,10,147
548,서천마을쌍용예가,경기도 용인시 기흥구 서천동로 60,37.2403129,127.0755947,아파트주차장,10,15,3,9,10,147
549,에이스카운티아파트,경기도 용인시 처인구 백옥대로 737,37.192076,127.2068598,아파트주차장,8,9,17,3,13,146
550,G7,경기도 용인시 처인구 포곡읍 전대로78번길 14-6,37.28609575,127.217695,숙박업소,13,5,14,5,8,145
551,에버파크,경기도 용인시 처인구 포곡읍 전대로 88,37.2854315,127.2165624,숙박업소,13,5,14,5,8,145
552,대성파크,경기도 용인시 처인구 포곡읍 전대로78번길 7,37.28559834,127.2170087,숙박업소,13,5,14,5,7,144
553,예진마을2차,경기도 용인시 처인구 한터로152번길 15,37.2467124,127.2290272,아파트주차장,9,4,20,7,8,143
554,자연파크,경기도 용인시 처인구 포곡읍 전대로78번길 14-4,37.28608641,127.2175596,숙박업소,13,5,13,5,7,141
555,구성휴먼시아물푸레마을휴먼시아3단지,경기도 용인시 기흥구 구성3로 65,37.2997605,127.1502859,아파트주차장,10,7,9,16,3,140
556,헤르메스호텔,경기도 용인시 처인구 포곡읍 전대로78번길 11-12,37.28630919,127.216487,숙박업소,13,5,12,5,8,139
557,알리앙스,경기도 용인시 처인구 모현읍 백옥대로 2326,37.33177264,127.247054,숙박업소,9,7,14,2,17,136
558,인정피렌체빌리지1차,경기도 용인시 처인구 한터로152번길 45,37.2461609,127.2308262,아파트주차장,9,4,18,7,7,136
559,삼라마이다스빌,경기도 용인시 처인구 명지로 307,37.2279881,127.2097069,아파트주차장,11,6,11,8,8,136
560,스파팰리스리가,경기도 용인시 기흥구 언남로 5,37.2978641,127.1329632,아파트주차장,10,7,12,7,7,135
561,배머루베네치아,경기도 용인시 처인구 영문로 64,37.2723034,127.209872,아파트주차장,10,5,14,6,9,133
562,명동여인숙,경기도 용인시 처인구 포곡읍 전대로78번길 16-1 ,37.2863223,127.2172302,숙박업소,12,5,12,5,7,133
563,골든튤립에버용인호텔,경기도 용인시 처인구 포곡읍 전대로78번길 19-2,37.2869629,127.2167584,숙박업소,12,5,11,5,8,131
564,용인라마다호텔,경기도 용인시 처인구 포곡읍 마성로 420,37.2865127,127.2165429,숙박업소,12,5,11,5,8,131
565,Q(큐)호텔,경기도 용인시 처인구 포곡읍 전대로110번길 10-3,37.2868472,127.2159236,숙박업소,12,5,11,5,8,131
566,블루힐,경기도 용인시 처인구 포곡읍 전대로78번길 23,37.2869629,127.2167584,숙박업소,12,5,11,5,8,131
567,한보라마을 경남아너스빌,경기도 용인시 기흥구 한보라2로 167,37.2431637,127.1083463,아파트주차장,0,12,12,8,31,131
568,리츠모텔,경기도 용인시 처인구 포곡읍 전대로78번길 18-1,37.28652763,127.2173662,숙박업소,12,5,11,5,7,130
569,온천장,경기도 용인시 처인구 양지면 양지로 142,37.2343957,127.2839965,숙박업소,9,11,9,6,0,128
570,서천2차아이파크아파트,경기도 용인시 기흥구 서천동로21번길 5,37.2391562,127.0769117,아파트주차장,10,11,3,9,7,128
571,흥덕우남퍼스트빌리젠트,경기도 용인시 기흥구 흥덕중앙로105번길 40,37.2802751,127.0814718,아파트주차장,10,9,5,8,11,128
572,이삭베스트,경기도 용인시 처인구 경안천로256번길 47-14,37.2524826,127.2271614,아파트주차장,10,1,18,3,13,127
573,초당마을현진에버빌,경기도 용인시 기흥구 동백중앙로 73,37.2623233,127.1595466,아파트주차장,5,5,15,15,7,127
574,흥덕마을12단지,경기도 용인시 기흥구 흥덕3로 20,37.2714692,127.0840876,아파트주차장,4,10,3,17,22,125
575,영통빌리지,경기도 용인시 기흥구 중부대로55번길 11,37.2686457,127.0759171,아파트주차장,6,12,3,13,10,123
576,스카이모텔,경기도 용인시 처인구 용인대학로 49 ,37.2337762,127.1776853,숙박업소,3,12,5,17,10,122
577,동아,경기도 용인시 처인구 이원로 22,37.1891227,127.20946,아파트주차장,6,7,17,2,8,121
578,예현마을현대홈타운,경기도 용인시 기흥구 예현로35번길 21,37.2413755,127.0679165,아파트주차장,2,20,3,5,12,121
579,신동백동도센트리움,경기도 용인시 기흥구 언동로 207,37.2850783,127.1384014,아파트주차장,10,7,4,12,5,119
580,양지장,경기도 용인시 처인구 양지면 양지로 142-5,37.23405329,127.2840651,숙박업소,8,10,9,6,0,119
581,양지마을신원아침도시,경기도 용인시 처인구 교동로 1,37.2349109,127.2853868,아파트주차장,10,9,7,5,1,118
582,샘골마을신미주2단지,경기도 용인시 처인구 백옥대로587번길 7,37.1890263,127.2052835,아파트주차장,7,5,15,4,9,117
583,푸른여인숙,경기도 용인시 처인구 양지면 양지로138번길 3 ,37.2340498,127.2837266,숙박업소,8,10,9,5,0,117
584,금평마을영화,경기도 용인시 처인구 금어로 102,37.2655097,127.2259155,아파트주차장,8,5,9,10,9,116
585,예진마을3차,경기도 용인시 처인구 한터로152번길 62,37.2444956,127.2309547,아파트주차장,7,5,15,6,4,116
586,효천마을신안인스빌,경기도 용인시 처인구 문현로 326,37.336697,127.2434822,아파트주차장,7,5,16,1,11,116
587,자봉마을써니밸리,경기도 용인시 기흥구 사은로 274-22,37.2512824,127.1355454,아파트주차장,8,9,8,2,10,114
588,샹그리아,경기도 용인시 처인구 양지면 양지로148번길 11,37.23349584,127.2848446,숙박업소,8,10,8,4,1,113
589,서그내마을SK,경기도 용인시 기흥구 예현로 15,37.2445199,127.0716548,아파트주차장,1,20,0,5,17,112
590,흥덕마을13단지경남아너스빌,경기도 용인시 기흥구 흥덕4로30번길 11,37.2749937,127.0917338,아파트주차장,3,6,6,16,23,112
591,임원마을영화1차,경기도 용인시 처인구 경안천로256번길 47-16,37.2529612,127.2260811,아파트주차장,9,0,17,1,13,111
592,영통로 효성해링턴 플레이스 아파트,경기도 용인시 기흥구 서그내로16번길 30,37.2448481,127.070907,아파트주차장,0,21,0,4,17,109
593,e편한세상 용인한숲시티 5단지,경기도 용인시 처인구 한숲로 83,37.154057,127.1694138,아파트주차장,10,10,0,0,16,106
594,e편한세상 용인한숲시티6단지,경기도 용인시 처인구 한숲로 84,37.154057,127.1694138,아파트주차장,10,10,0,0,16,106
595,e편한세상 용인한숲시티 2단지,경기도 용인시 처인구 한숲로 137,37.154057,127.1694138,아파트주차장,10,10,0,0,16,106
596,e편한세상용인한숲시티4단지,경기도 용인시 처인구 한숲로 124,37.154057,127.1694138,아파트주차장,10,10,0,0,16,106
597,이편한세상 용인한숲시티 3단지,경기도 용인시 처인구 한숲로 123,37.154057,127.1694138,아파트주차장,10,10,0,0,16,106
598,용인서천효성해링턴플레이스,경기도 용인시 기흥구 서그내로 31,37.2443449,127.073666,아파트주차장,2,17,0,6,15,105
599,용인마북신원아침도시,경기도 용인시 기흥구 마북로247번길 3,37.3142267,127.1297315,아파트주차장,2,11,4,13,11,103
600,신흥덕 롯데캐슬레이시티,경기도 용인시 기흥구 신정로 25,37.2897191,127.1014604,아파트주차장,8,5,11,3,2,101
601,영덕여인숙,경기도 용인시 기흥구 중부대로 13 ,37.2683775,127.0703347,숙박업소,6,9,5,8,3,100
602,양지면,경기도 용인시 처인구 양지면 양지로105번길 5,37.2357405,127.2801214,관공서,6,10,6,6,0,100
603,"청명호수마을신안인스빌1,2단지",경기도 용인시 기흥구 덕영대로 1871,37.2551407,127.0887786,아파트주차장,3,8,8,7,14,99
604,힐(HILL)모텔,경기도 용인시 처인구 이동읍 백옥대로 568,37.18750773,127.2059732,숙박업소,5,5,13,3,8,98
605,탑실마을대주피오레1단지,경기도 용인시 기흥구 탑실로 15,37.2401063,127.1084713,아파트주차장,2,6,11,6,19,98
606,용인기흥 우방아이유쉘 아파트,경기도 용인시 기흥구 신정로41번길 31,37.2790775,127.096956,아파트주차장,4,6,3,13,18,97
607,양우내안애에듀퍼스트,경기도 용인시 처인구 경안천로 196-1,37.2448753,127.2144711,아파트주차장,9,1,7,8,10,96
608,양우내안애 에듀파크,경기도 용인시 처인구 경안천로 112,37.2448753,127.2144711,아파트주차장,9,1,7,8,10,96
609,기흥써니밸리,경기도 용인시 기흥구 고매로 16,37.2309299,127.1111533,아파트주차장,3,4,15,3,13,95
610,이편한세상용인파크카운티,경기 용인시 처인구 남사읍 한숲로33번길 36,37.2291545,127.2825314,아파트주차장,5,10,7,4,1,95
611,호수청구,경기도 용인시 기흥구 공세로 226,37.2402348,127.1032876,아파트주차장,2,4,15,2,20,95
612,매화마을 우남 퍼스트빌,경기도 용인시 기흥구 고매로34번길 10,37.2301155,127.1121365,아파트주차장,2,5,14,4,14,94
613,캐슬,경기도 용인시 처인구 금령로71번길 6-15,37.23612806,127.2053335,숙박업소,7,6,6,6,4,93
614,우림홀인원,경기도 용인시 기흥구 고매로34번길 31,37.2283451,127.1144572,아파트주차장,3,6,9,5,16,92
615,기흥동성,경기도 용인시 기흥구 고매로 26,37.2309732,127.1121163,아파트주차장,2,4,15,3,13,90
616,용인세원,경기도 용인시 기흥구 공세로 76,37.2312393,127.1095235,아파트주차장,2,4,15,3,12,89
617,서그내마을서천아이파크,경기도 용인시 기흥구 서그내로16번길 14,37.2460487,127.0724171,아파트주차장,0,16,0,4,15,87
618,호텔베너,경기도 용인시 처인구 양지면 남평로 51-8,37.23015301,127.2906484,숙박업소,7,4,6,6,5,86
619,광교산한양수자인더킨포크,경기도 용인시 수지구 태봉로 17,37.3334708,127.0595024,아파트주차장,7,6,0,8,8,83
620,성원상떼레이크뷰,경기도 용인시 기흥구 동탄기흥로 864,37.2340393,127.1031097,아파트주차장,5,2,14,0,8,83
621,발리모텔,경기도 용인시 처인구 양지면 남평로 51-5,37.2302503,127.2900566,숙박업소,7,4,5,6,5,83
622,베네치아모텔,경기도 용인시 처인구 양지면 남평로 73-6,37.22866851,127.2922533,숙박업소,7,2,4,8,6,77
623,호텔마리,경기도 용인시 처인구 양지면 남평로 73-5,37.22892948,127.2920046,숙박업소,7,2,4,8,6,77
624,하이얀모텔,경기도 용인시 처인구 한터로 58,37.25267117,127.2174025,숙박업소,3,4,11,2,9,77
625,기흥동,경기도 용인시 기흥구 고매로43번길 12-14,37.2322301,127.1143893,관공서,2,2,15,2,10,77
626,모텔모나코,경기도 용인시 처인구 포곡읍 포곡로272번길 1,37.27925091,127.2318096,숙박업소,5,1,11,3,8,76
627,초당마을주공3단지,경기도 용인시 기흥구 동백중앙로 41,37.2599715,127.1621036,아파트주차장,2,3,9,10,7,76
628,홈브리지캐빈호스텔,경기도 용인시 처인구 포곡읍 에버랜드로 199,37.28996008,127.2165862,숙박업소,6,4,6,3,6,76
629,한천마을금광베네스타,경기도 용인시 처인구 백옥대로 711,37.2002811,127.2075728,아파트주차장,3,3,10,4,8,73
630,산수파크,경기도 용인시 처인구 원삼면 죽양대로 1774 ,37.1946116,127.3261097,숙박업소,8,3,4,4,0,72
631,포곡읍,경기도 용인시 처인구 포곡읍 포곡로 258,37.2777155,127.2309574,관공서,5,1,10,2,8,71
632,윈져캐슬관광호텔,경기도 용인시 기흥구 신정로 212,37.28919861,127.0996307,숙박업소,6,1,10,2,1,69
633,공세대주피오레2단지,경기도 용인시 기흥구 탑실로 152,37.2430464,127.1218279,아파트주차장,7,5,1,2,6,68
634,모현읍,경기도 용인시 처인구 모현면 독점로 31-6,37.3294787,127.2422761,관공서,7,2,6,0,7,68
635,호텔카사,경기도 용인시 처인구 양지면 남평로 73-1,37.22875749,127.2915879,숙박업소,6,2,4,6,6,68
636,아이에스모텔,경기도 용인시 처인구 백옥대로 1255-7,37.24688009,127.2119668,숙박업소,5,1,6,5,9,66
637,리스텔,경기도 용인시 처인구 양지면 남평로 85,37.22776837,127.2929772,숙박업소,6,1,3,8,6,65
638,불곡마을벽산블루밍,경기도 용인시 기흥구 고매로43번길 32-2,37.2323529,127.1174464,아파트주차장,2,1,12,1,9,61
639,호텔 에비뉴,경기도 용인시 처인구 중부대로1576번길 50,37.23244467,127.2249319,숙박업소,5,1,7,4,1,59
640,유림동,경기도 용인시 처인구 백옥대로 1315,37.2524204,127.2117187,관공서,2,7,5,1,3,58
641,송전마을세광리치타워,경기도 용인시 처인구 경기동로705번길 28,37.1383131,127.2011905,아파트주차장,0,3,6,8,3,49
642,아미부띠끄호텔,경기도 용인시 기흥구 기흥단지로 49,37.22554852,127.1042847,숙박업소,1,4,3,5,8,48
643,레미니스호텔,경기도 용인시 기흥구 기흥단지로 53,37.2257925,127.1044638,숙박업소,1,4,3,5,8,48
644,뉴스카이,경기도 용인시 처인구 백암면 고안로 50,37.1327201,127.4029399,숙박업소,5,5,0,0,0,45
645,(주)더숨디앤씨,경기도 용인시 처인구 포곡읍 성산로 633,37.2867977,127.208289,숙박업소,4,2,2,2,7,45
646,호텔 비엔,경기도 용인시 기흥구 기흥단지로 47,37.22532257,127.1041055,숙박업소,0,4,3,5,7,42
647,쉐르나모텔,경기도 용인시 처인구 이동읍 경기동로 653-1,37.14227128,127.1939201,숙박업소,0,4,4,6,0,40
648,예원마을코아루,경기도 용인시 처인구 한터로275번길 40,37.2582982,127.2368783,아파트주차장,6,0,0,5,0,40
649,호텔오다(Hotel ODA),경기도 용인시 기흥구 신정로 220,37.28935012,127.0991222,숙박업소,2,0,8,1,1,37
650,모텔쉬리,경기도 용인시 처인구 양지면 중부대로 2063,37.22775519,127.2711195,숙박업소,5,2,0,1,2,37
651,마징가 모텔,경기도 용인시 기흥구 농서로 2,37.22221772,127.0975615,숙박업소,1,4,0,2,10,35
652,기흥장여관,경기도 용인시 기흥구 삼성2로 233-14 ,37.2220541,127.0983599,숙박업소,1,4,0,2,9,34
653,나인,경기도 용인시 처인구 원삼면 좌전로 142,37.2082236,127.3204226,숙박업소,5,0,0,4,0,33
654,얼레이호텔,경기도 용인시 기흥구 신정로 231,37.2884878,127.0974965,숙박업소,1,0,8,1,1,32
655,스위트호텔,경기도 용인시 처인구 양지면 중부대로 1944,37.22505372,127.2588747,숙박업소,3,3,0,0,3,30
656,발렌타인,경기도 용인시 처인구 백옥대로 910,37.21724293,127.2086982,숙박업소,0,4,4,0,0,28
657,양지포레스토리,경기도 용인시 처인구 은이로 85,37.2185696,127.2770123,아파트주차장,2,3,0,3,0,28
658,만인여관,경기도 용인시 처인구 백암면 백원로 537-4 ,37.1652041,127.3715821,숙박업소,0,5,0,4,0,28
659,천일여관,경기도 용인시 처인구 백암면 백원로 537-3,37.16531237,127.3713156,숙박업소,0,5,0,4,0,28
660,제우스,경기도 용인시 기흥구 원고매로2번길 1 ,37.22124791,127.103632,숙박업소,0,4,0,3,4,26
661,파인관광호텔,경기도 용인시 기흥구 삼성2로96번길 29-49,37.2191091,127.0844982,숙박업소,0,3,1,0,8,23
662,백암면,경기도 용인시 처인구 백암면 백암로 189,37.1636946,127.3753866,관공서,0,3,0,5,0,22
663,용인수목원우림필유아파트,경기도 용인시 처인구 백옥대로1898번길 34,37.2946122,127.2378268,아파트주차장,0,5,0,1,0,22
664,원삼면,경기도 용인시 처인구 원삼면 원양로 64,37.1653644,127.3103786,관공서,0,4,0,0,5,21
665,메리엘,경기도 용인시 기흥구 신정로 235,37.28898385,127.0969672,숙박업소,0,0,7,0,0,21
666,가즈아,경기도 용인시 기흥구 신정로237번길 9 ,37.28899775,127.0962246,숙박업소,0,0,7,0,0,21
667,Hotel 9 teen,경기도 용인시 기흥구 신정로237번길 7,37.28898053,127.0964616,숙박업소,0,0,7,0,0,21
668,장원파크,경기도 용인시 처인구 원삼면 농촌파크로 225 ,37.1648931,127.3100297,숙박업소,0,4,0,0,5,21
669,라고,경기도 용인시 기흥구 신정로237번길 5-5,37.28857656,127.0969489,숙박업소,0,0,6,0,1,19
670,호텔몬트,경기도 용인시 기흥구 신정로237번길 5-6 ,37.28862028,127.0965538,숙박업소,0,0,6,0,0,18
671,제니스,경기도 용인시 처인구 이동읍 화산로 15-1,37.1461918,127.2043203,숙박업소,0,1,3,1,0,15
672,라데팡스,경기도 용인시 처인구 이동읍 화산로 15,37.14593882,127.2040848,숙박업소,0,1,3,1,0,15
673,W(더블유)모텔,경기도 용인시 처인구 백암면 백암로226번길 37,37.1681976,127.376697,숙박업소,0,2,0,3,0,14
674,백암파크,경기도 용인시 처인구 백암면 백암로 31-7,37.15150775,127.3850553,숙박업소,0,3,0,1,0,14
675,모텔클레식,경기도 용인시 처인구 백암면 죽양대로 1189,37.16908568,127.376378,숙박업소,0,2,0,3,0,14
676,영빈파크,경기도 용인시 처인구 모현읍 곡현로662번길 10,37.34253313,127.2258834,숙박업소,0,0,4,0,0,12
677,광교레이크포레아파트,경기도 용인시 수지구 광교호수로 431,37.354597,127.0704875,아파트주차장,0,0,3,0,3,12
678,STAY HOTEL,경기도 용인시 처인구 양지면 남평로 367,37.22084645,127.315314,숙박업소,0,1,1,0,2,9
679,써닝텔,경기도 용인시 처인구 백암면 고안로51번길 205,37.14309933,127.4202109,숙박업소,0,0,3,0,0,9
680,호텔자유1,경기도 용인시 처인구 백암면 석실로34번길 20,37.17772839,127.3442129,숙박업소,0,0,0,3,0,6
681,라센트라,경기도 용인시 처인구 이동읍 기흥단지로 579-1,37.22519204,127.1562683,숙박업소,1,0,0,0,0,5
682,호텔자유2,경기도 용인시 처인구 백암면 석실로34번길 18,37.17769267,127.3444721,숙박업소,0,0,0,2,0,4
683,양지파인리조트,경기도 용인시 처인구 양지면 남평로 112,37.21148125,127.2937317,숙박업소,0,1,0,0,0,4
684,호텔스위스,경기도 용인시 처인구 포곡읍 곡현로117번길 6-26 ,37.2984622,127.2204565,숙박업소,0,0,0,1,0,2
685,아도니스,경기도 용인시 처인구 포곡읍 곡현로133번길 33,37.2988778,127.2198486,숙박업소,0,0,0,1,0,2
686,에버힐,경기도 용인시 처인구 포곡읍 곡현로133번길 25,37.2987139,127.2207617,숙박업소,0,0,0,1,0,2
687,쁘띠프랑스,경기도 용인시 처인구 포곡읍 곡현로133번길 27,37.2987686,127.220401,숙박업소,0,0,0,1,0,2
688,크리스탈,경기도 용인시 처인구 포곡읍 곡현로133번길 31,37.2987962,127.2200965,숙박업소,0,0,0,1,0,2
689,골드훼미리콘도미니엄,경기도 용인시 기흥구 기흥단지로 406,37.22101641,127.1387432,숙박업소,0,0,0,0,0,0
690,모텔프라쟈하우스,경기도 용인시 처인구 남사면 처인성로 309,37.1175113,127.160934,숙박업소,0,0,0,0,0,0
691,코리아골프빌리지 기흥아펠바움,경기도 용인시 기흥구 기흥단지로 394,37.2169916,127.1345751,숙박업소,0,0,0,0,0,0
692,김미화마을,경기도 용인시 처인구 원삼면 보개원삼로 1528,37.13244764,127.3114534,숙박업소,0,0,0,0,0,0
693,한화호텔앤드리조트(주)용인,경기도 용인시 처인구 남사읍 봉무로153번길 79,37.13300951,127.1410084,숙박업소,0,0,0,0,0,0
694,이동읍,경기도 용인시 처인구 이동면 경기동로 673,37.12746,127.1893731,관공서,0,0,0,0,0,0
695,남사면,경기도 용인시 처인구 남사면 내기로 22,37.115301,127.1502137,관공서,0,0,0,0,0,0
696,코리아골프빌리지 대우그린카운티,경기도 용인시 기흥구 기흥단지로 415,37.2209982,127.1372749,숙박업소,0,0,0,0,0,0
697,힐탑여관,경기도 용인시 처인구 이동읍 경기동로 875-1,37.1254306,127.2073393,숙박업소,0,0,0,0,0,0
698,남사 룸앤텔,경기도 용인시 처인구 남사읍 처인성로 309,37.11753686,127.1609825,숙박업소,0,0,0,0,0,0
