,cell_id,cell_xcrd,cell_ycrd,overlap,person_cnt,best_score
0,86503006,127.16524,37.284084,3,255.975,5
1,86374994,127.16076,37.27506,2,174.924,5
2,83511270,127.059555,37.318443,3,162.099,5
3,85047108,127.113884,37.288887,1,156.7,5
4,84471258,127.0933,37.340195,3,150.741,5
5,83943044,127.075294,37.22881,3,140.64100000000002,5
6,84567237,127.09672,37.333447,3,135.954,5
7,85159177,127.11765,37.32315,3,134.176,5
8,84087216,127.07992,37.310402,3,128.81400000000002,5
9,83895245,127.073105,37.31804,3,127.62300000000002,5
10,85111182,127.11596,37.324047,3,127.386,5
11,90902570,127.32052,37.211857,3,126.936,5
12,84311190,127.087845,37.305023,3,126.93099999999998,5
13,89910687,127.285515,37.236588,3,123.71699999999998,5
14,85159024,127.118004,37.254196,3,122.16400000000002,5
15,83895264,127.07305,37.326603,3,121.342,5
16,83895244,127.073105,37.31759,3,120.267,5
17,85191015,127.11915,37.251045,2,119.465,5
18,87942919,127.215996,37.28557,2,119.115,5
19,85943027,127.14552,37.277718,3,119.039,5
20,86582917,127.16822,37.246235,1,116.616,5
21,87286857,127.193054,37.23909,3,115.864,5
22,93254247,127.40346,37.13263,2,115.75,5
23,86295015,127.15791,37.28226,3,115.18,5
24,84663249,127.10007,37.34157,3,115.117,5
25,90694539,127.31324,37.192017,2,115.072,5
26,84583245,127.09726,37.337505,3,111.66,5
27,92854286,127.38937,37.138927,3,111.518,5
28,87478830,127.199844,37.232346,3,111.505,5
29,90742560,127.3149,37.202835,3,109.88,5
30,85319106,127.123436,37.295677,3,109.447,5
31,84679225,127.100685,37.331207,3,109.44,5
32,84119206,127.08106,37.3068,3,108.65200000000002,5
33,86039033,127.14888,37.283134,3,108.633,5
34,85575168,127.13229,37.33086,3,108.514,5
35,83527278,127.0601,37.3225,3,108.307,5
36,86614899,127.16938,37.239025,3,107.804,5
37,84023228,127.07764,37.314,3,107.385,5
38,86742894,127.17388,37.24039,3,106.254,5
39,90262644,127.297935,37.227146,3,105.34,5
40,84215205,127.084435,37.309067,3,105.339,5
41,84103226,127.08045,37.31536,3,105.125,5
42,84631234,127.098976,37.333904,3,105.124,5
43,86231005,127.155685,37.275944,3,105.028,5
44,84967166,127.11094,37.312763,3,105.007,5
45,84007226,127.07708,37.312645,3,104.931,5
46,84855100,127.10716,37.27985,3,104.775,5
47,83735216,127.06756,37.30044,3,103.246,5
48,83895219,127.073166,37.306324,3,103.246,5
49,86278991,127.157394,37.270992,3,102.94500000000002,5
50,84679091,127.101006,37.270813,3,102.387,5
51,86007003,127.14782,37.26871,3,102.268,5
52,83287316,127.05157,37.332832,3,100.872,5
53,87958884,127.21661,37.27025,3,100.775,5
54,84359252,127.08938,37.334324,3,100.472,5
55,83671250,127.06522,37.313957,3,100.185,5
56,85383095,127.12571,37.29253,3,100.15200000000002,5
57,87718729,127.20845,37.193607,3,99.935,5
58,83623269,127.06349,37.32116,3,99.787,5
59,85239096,127.12065,37.288906,3,99.682,5
60,83591253,127.06241,37.313046,3,99.351,5
61,83703250,127.066345,37.31486,3,99.1,5
62,84567214,127.09678,37.323082,3,98.967,5
63,90934480,127.32174,37.1722,3,98.892,5
64,85031189,127.11313,37.32494,3,98.064,5
65,84071038,127.0798,37.22973,3,97.888,5
66,86279010,127.15736,37.279556,3,97.306,5
67,91014535,127.32449,37.199245,2,97.155,5
68,84023198,127.07771,37.30048,3,97.012,5
69,84343258,127.0888,37.336575,3,96.228,5
70,83895153,127.07333,37.276577,3,96.057,5
71,87142750,127.188194,37.186794,3,95.725,5
72,85479055,127.129166,37.277218,3,95.455,5
73,84551216,127.09621,37.32353,3,95.088,5
74,88006801,127.21844,37.234196,3,94.971,5
75,84503096,127.09481,37.26809,3,94.959,5
76,84471195,127.09345,37.311802,3,94.906,5
77,85847046,127.14211,37.283566,3,94.353,5
78,84375196,127.09008,37.309536,3,94.177,5
79,83927060,127.07469,37.23557,3,94.133,5
80,84967187,127.110886,37.322227,3,93.962,5
81,84967125,127.11103,37.294285,3,93.801,5
82,85223097,127.12009,37.288906,3,93.639,5
83,87222855,127.19081,37.236378,3,93.63,5
84,85894736,127.144455,37.145206,3,93.554,5
85,86183052,127.1539,37.29577,3,93.127,5
86,84487253,127.09387,37.338394,3,92.856,5
87,84375245,127.08996,37.33162,3,92.822,5
88,84375197,127.09007,37.30999,3,92.733,5
89,84983131,127.11158,37.29744,3,92.701,5
90,84983120,127.1116,37.292484,3,92.621,5
91,84839108,127.106575,37.283,3,92.414,5
92,84055250,127.078705,37.32482,2,92.25,5
93,87606733,127.20451,37.192245,3,92.09,5
94,85431060,127.12747,37.27811,3,91.898,5
95,84599173,127.098,37.305508,3,91.686,5
96,84151234,127.082115,37.320328,3,91.5,5
97,89334699,127.26525,37.225735,2,91.443,5
98,84967202,127.110855,37.328987,3,91.402,5
99,85431116,127.12735,37.303352,3,91.249,5
100,89910685,127.285515,37.235687,3,91.22,5
101,83975238,127.07593,37.31715,3,91.182,5
102,83991226,127.07652,37.312195,3,91.003,5
103,82999397,127.04124,37.361187,3,90.944,5
104,85079026,127.1152,37.252834,3,90.7,5
105,83879240,127.072556,37.315334,3,90.67000000000002,5
106,88103055,127.22139,37.351383,3,90.58,5
107,88374801,127.23137,37.24459,3,90.303,5
108,87814875,127.21157,37.262123,3,90.17399999999998,5
109,85079200,127.11479,37.331253,3,89.993,5
110,85015175,127.1126,37.318176,3,89.928,5
111,84039254,127.07813,37.32617,3,89.901,5
112,88902964,127.24968,37.33297,3,89.7,5
113,84391184,127.09067,37.30458,3,89.60000000000001,5
114,84183215,127.08329,37.312668,3,89.56800000000001,5
115,84423221,127.091705,37.322163,3,89.344,5
116,85911051,127.14435,37.28763,3,89.32499999999999,5
117,90758544,127.31549,37.196075,3,89.25,5
118,85063175,127.11429,37.319534,3,89.17500000000001,5
119,84487218,127.093956,37.32262,3,89.033,5
120,87430903,127.19803,37.26389,3,88.935,5
121,84471251,127.093315,37.33704,3,88.9,5
122,84887114,127.10825,37.287064,3,88.851,5
123,86886851,127.17902,37.225082,3,88.805,5
124,88726964,127.24349,37.327995,3,88.78,5
125,87974810,127.2173,37.237347,3,88.74000000000001,5
126,83991199,127.07659,37.300026,3,88.475,5
127,85207013,127.11971,37.250595,3,88.43,5
128,86550918,127.16709,37.24578,3,88.36500000000001,5
129,88262855,127.22735,37.265766,3,88.251,5
130,85527053,127.13086,37.27767,3,88.21799999999999,5
131,85926978,127.145065,37.25518,3,87.696,5
132,87478837,127.19984,37.2355,3,87.384,5
133,83911060,127.074135,37.235115,3,87.32400000000001,5
134,85191008,127.11916,37.24789,3,87.303,5
135,85047204,127.11366,37.332153,3,87.25999999999999,5
136,87654896,127.20591,37.267067,3,87.22700000000002,5
137,87238863,127.19136,37.240437,3,87.096,5
138,84967140,127.111,37.301044,3,86.83600000000001,5
139,83671283,127.06514,37.328827,3,86.778,5
140,87206866,127.19023,37.240887,3,86.765,5
141,86167044,127.15335,37.29171,3,86.726,5
142,84999196,127.11199,37.327187,3,86.584,5
143,84423271,127.09158,37.344696,3,86.381,5
144,86215008,127.15511,37.276844,3,86.273,5
145,84231187,127.085045,37.301407,3,86.26400000000001,5
146,88518823,127.2364,37.258575,3,86.04899999999999,5
147,83847247,127.07141,37.317585,3,85.971,5
148,83815252,127.070274,37.31893,3,85.947,5
149,88326820,127.22965,37.251797,3,85.88,5
150,84151145,127.08234,37.280216,3,85.74,5
151,83911223,127.07372,37.30858,3,85.558,5
152,85207012,127.11972,37.250145,3,85.46,5
153,85575173,127.13228,37.33311,3,85.34800000000001,5
154,85959035,127.146065,37.281776,3,85.34,5
155,88086900,127.221085,37.281075,3,85.28399999999999,5
156,84663054,127.10053,37.253685,3,85.125,5
157,84039211,127.07825,37.306793,3,85.09899999999999,5
158,87542827,127.2021,37.232803,3,85.029,5
159,86695074,127.171844,37.32016,3,84.92,5
160,84455201,127.09287,37.314053,3,84.881,5
161,87462831,127.19928,37.232346,3,84.845,5
162,85159100,127.11783,37.28845,3,84.651,5
163,84935148,127.109856,37.303745,3,84.559,5
164,84567230,127.09674,37.33029,3,84.54599999999999,5
165,84343100,127.08919,37.265366,3,84.408,5
166,86823112,127.17627,37.340904,3,84.388,5
167,86006994,127.14784,37.264652,3,84.386,5
168,89718672,127.278786,37.224407,3,84.18900000000001,5
169,83735275,127.067406,37.327034,3,84.018,5
170,84119198,127.081085,37.303196,3,83.841,5
171,84087210,127.07993,37.307697,3,83.821,5
172,84247249,127.08545,37.329803,3,83.74000000000001,5
173,85399191,127.12605,37.336246,2,83.664,5
174,85207177,127.11934,37.32451,3,83.593,5
175,84183084,127.08362,37.253628,3,83.05799999999999,5
176,84375276,127.08988,37.345592,3,82.976,5
177,85287193,127.122116,37.33398,3,82.94200000000001,5
178,84775228,127.10405,37.335274,3,82.74199999999999,5
179,84471231,127.09336,37.328026,3,82.676,5
180,85607031,127.13371,37.27002,2,82.60499999999999,5
181,83879154,127.07277,37.276577,3,82.485,5
182,84999101,127.11221,37.284374,3,82.29599999999999,5
183,88982990,127.25246,37.346947,3,82.232,5
184,88182895,127.22447,37.281532,3,82.213,5
185,85447125,127.12789,37.30786,3,82.155,5
186,86502923,127.1654,37.246677,3,82.154,5
187,84183221,127.083275,37.315372,3,82.106,5
188,87958868,127.216644,37.263035,3,81.263,5
189,84103200,127.08052,37.303646,3,80.96199999999999,5
190,84711225,127.10181,37.33211,3,80.884,5
191,86951083,127.180824,37.33145,3,80.875,5
192,84887106,127.10827,37.28346,3,80.84,5
193,87542826,127.2021,37.232353,3,80.745,5
194,84103209,127.0805,37.3077,2,80.704,5
195,84215207,127.084435,37.309967,3,80.606,5
196,84951206,127.11028,37.330338,3,80.39,5
197,87478829,127.19985,37.231895,3,80.304,5
198,87942884,127.21605,37.269794,3,80.26,5
199,87958791,127.216774,37.228333,3,80.18199999999999,5
200,84327207,127.08836,37.313137,3,80.172,5
201,84743006,127.10345,37.234318,3,80.16400000000002,5
202,84855222,127.10687,37.334835,3,80.103,5
203,87206855,127.19025,37.235928,2,79.97999999999999,5
204,85718999,127.13772,37.258762,3,79.895,5
205,84823076,127.106094,37.268127,3,79.755,5
206,83943267,127.07473,37.329315,3,79.512,5
207,84167215,127.082726,37.312218,3,79.443,5
208,84871088,127.10775,37.274895,3,79.424,5
209,84551241,127.096146,37.334797,2,79.32000000000001,5
210,85367116,127.1251,37.30154,3,79.17099999999999,5
211,84007199,127.07715,37.30048,3,79.144,5
212,84391014,127.09108,37.227966,2,79.067,5
213,85958951,127.14625,37.243916,3,78.54,5
214,84055205,127.07882,37.30454,3,78.47,5
215,84855107,127.10714,37.283005,3,78.36,5
216,86310999,127.1585,37.2755,3,78.35900000000001,5
217,88982899,127.252594,37.30593,3,78.262,5
218,90262653,127.29793,37.2312,2,77.909,5
219,84375275,127.08988,37.345142,3,77.73599999999999,5
220,86039025,127.148895,37.27953,3,77.582,5
221,83671308,127.06507,37.340096,3,77.513,5
222,91062516,127.3262,37.192036,3,77.484,5
223,88950980,127.25134,37.341534,3,77.429,5
224,84695240,127.10121,37.33842,3,77.35300000000001,5
225,87942820,127.21616,37.24095,3,77.292,5
226,86103057,127.15108,37.29576,3,77.276,5
227,84487195,127.09401,37.312256,1,77.19,5
228,85767027,127.13934,37.27274,3,77.03999999999999,5
229,83783157,127.0694,37.27521,3,77.004,5
230,87462839,127.19927,37.23595,3,76.93100000000001,5
231,85287179,127.12215,37.32767,3,76.88,5
232,84375200,127.090065,37.31134,2,76.828,5
233,83799202,127.06984,37.295944,3,76.656,5
234,84951117,127.11049,37.290226,3,76.636,5
235,86550916,127.1671,37.244877,3,76.608,5
236,83975148,127.07616,37.27659,3,76.375,5
237,85063186,127.114265,37.324493,3,76.364,5
238,85255193,127.120995,37.333076,2,76.364,5
239,87318849,127.19419,37.23639,3,76.209,5
240,84407231,127.09112,37.326218,3,76.041,5
241,86726705,127.17369,37.154755,3,76.018,5
242,84823227,127.105736,37.33618,3,75.898,5
243,84535095,127.09594,37.268543,3,75.733,5
244,84039058,127.07863,37.237835,3,75.6,5
245,83591256,127.0624,37.314396,3,75.557,5
246,85527100,127.13075,37.298855,3,75.53200000000001,5
247,85447058,127.12804,37.277664,3,75.185,5
248,88854675,127.24843,37.201363,3,75.05999999999999,5
249,85494991,127.129875,37.248825,3,74.97,5
250,85750995,127.13885,37.257866,3,74.964,5
251,85399093,127.126274,37.29208,3,74.904,5
252,87798816,127.21111,37.235077,3,74.696,5
253,84855223,127.10687,37.335285,3,74.643,5
254,85239174,127.120476,37.324062,3,74.44399999999999,5
255,87942917,127.215996,37.284668,3,74.429,5
256,88918972,127.25023,37.337025,3,74.405,5
257,87942823,127.216156,37.242302,3,74.263,5
258,84967205,127.11085,37.33034,3,74.129,5
259,85015205,127.11253,37.331696,2,74.05499999999999,5
260,86854807,127.177986,37.204346,3,73.984,5
261,84071246,127.07928,37.32347,3,73.92,5
262,85079174,127.11485,37.319534,3,73.908,5
263,87702830,127.20771,37.238674,3,73.90700000000001,5
264,87046793,127.184746,37.20346,3,73.865,5
265,87910798,127.21507,37.23013,3,73.723,5
266,83783205,127.069275,37.296844,3,73.69200000000001,5
267,83527316,127.06,37.339626,3,73.44,5
268,84567254,127.09668,37.34111,3,73.433,5
269,84903091,127.108864,37.27715,3,73.304,5
270,84071202,127.07939,37.303642,3,73.29599999999999,5
271,84583204,127.09736,37.319027,3,73.25200000000001,5
272,87494833,127.2004,37.23415,3,73.242,5
273,84823224,127.10574,37.33483,3,73.049,5
274,87398838,127.19702,37.233692,2,72.99799999999999,5
275,84871098,127.10773,37.2794,3,72.756,5
276,87814868,127.211586,37.25897,3,72.72,5
277,84263226,127.08607,37.31989,3,72.576,5
278,86583005,127.168045,37.285896,2,72.53999999999999,5
279,83943145,127.07504,37.27433,3,72.53200000000001,5
280,86630714,127.1703,37.156097,3,72.487,5
281,83735272,127.06741,37.325684,3,72.477,5
282,83799275,127.06966,37.328846,3,72.46900000000001,5
283,87414849,127.19756,37.2391,3,72.348,5
284,86262979,127.15686,37.26513,3,72.328,5
285,86726716,127.17367,37.159714,3,72.275,5
286,86039026,127.148895,37.27998,3,72.081,5
287,91142614,127.32891,37.23846,2,71.916,5
288,85975064,127.14657,37.295296,3,71.83,5
289,83735264,127.06744,37.322075,3,71.75,5
290,84663252,127.10006,37.342922,3,71.658,5
291,86007025,127.14777,37.278625,3,71.63900000000001,5
292,85510782,127.13089,37.155083,3,71.4,5
293,88230827,127.226265,37.252243,3,71.372,5
294,86791114,127.17514,37.3409,3,71.356,5
295,84503219,127.09451,37.323524,3,71.316,5
296,87830892,127.212105,37.270237,3,71.289,5
297,84103198,127.08052,37.302742,3,71.148,5
298,83895235,127.07313,37.313534,3,70.826,5
299,86951110,127.18078,37.34362,3,70.813,5
300,88182881,127.224495,37.275223,2,70.81299999999999,5
301,83719261,127.06688,37.32027,3,70.67500000000001,5
302,86886744,127.17923,37.176857,3,70.66199999999999,5
303,83927194,127.074356,37.29596,3,70.63799999999999,5
304,86327011,127.15904,37.28136,3,70.53,5
305,87430837,127.19815,37.234146,3,70.449,5
306,85223189,127.11988,37.330368,3,70.424,5
307,85222958,127.1204,37.22626,3,70.38,5
308,84903090,127.108864,37.2767,3,70.36,5
309,86518881,127.166046,37.2282,3,70.346,5
310,85671024,127.13598,37.268673,3,70.266,5
311,85367006,127.12534,37.251965,3,70.193,5
312,87478890,127.19974,37.259388,3,70.148,5
313,83655215,127.06476,37.29773,3,70.082,5
314,83751250,127.06803,37.31622,3,70.07499999999999,5
315,85094952,127.11592,37.219936,3,70.01,4
316,86694892,127.1722,37.238132,3,70.00999999999999,4
317,85895006,127.14388,37.266895,3,69.965,4
318,86278976,127.157425,37.264233,3,69.94,4
319,90086602,127.2918,37.203247,2,69.808,4
320,84823064,127.10612,37.26272,3,69.741,4
321,85063198,127.114235,37.3299,3,69.72300000000001,4
322,85799002,127.14052,37.26238,3,69.544,4
323,87654735,127.20619,37.194504,3,69.52,4
324,87366633,127.196266,37.140392,3,69.52,4
325,84231199,127.085014,37.306816,3,69.488,4
326,89830690,127.2827,37.235683,3,69.374,4
327,85079135,127.114944,37.30196,2,69.344,4
328,84839029,127.106766,37.2474,3,69.30799999999999,4
329,86630716,127.1703,37.157,3,69.253,4
330,86199043,127.15448,37.292168,3,69.216,4
331,88630884,127.240234,37.28923,2,69.184,4
332,87958894,127.2166,37.274754,2,69.15,4
333,84375215,127.090034,37.3181,3,69.103,4
334,84087042,127.08035,37.231983,3,69.061,4
335,92326377,127.37075,37.16505,2,68.936,4
336,83767089,127.06901,37.24411,3,68.864,4
337,83911145,127.07392,37.273426,3,68.839,4
338,85399096,127.12627,37.29343,3,68.833,4
339,87702789,127.20779,37.220196,3,68.833,4
340,89014710,127.25399,37.221653,2,68.824,4
341,86279020,127.15734,37.28406,3,68.811,4
342,91126510,127.32845,37.19114,2,68.775,4
343,87958812,127.216736,37.237797,3,68.68,4
344,85750998,127.13884,37.259216,3,68.643,4
345,85175115,127.11836,37.295662,3,68.64,4
346,85303102,127.12289,37.293423,3,68.58399999999999,4
347,84215201,127.08445,37.307262,3,68.577,4
348,84343074,127.08926,37.253647,3,68.482,4
349,90646623,127.31146,37.22852,3,68.41499999999999,4
350,86551002,127.16693,37.283638,3,68.39500000000001,4
351,84983035,127.1118,37.254173,3,68.368,4
352,85415122,127.12677,37.305603,3,68.357,4
353,85015021,127.11296,37.24877,3,68.348,4
354,84935093,127.109985,37.278957,3,68.324,4
355,82807429,127.03441,37.370174,3,68.208,4
356,84663218,127.100136,37.3276,3,68.19,4
357,88966936,127.251976,37.322155,3,68.187,4
358,88918960,127.25025,37.331615,3,68.172,4
359,88982970,127.25249,37.337933,3,68.172,4
360,85063106,127.11445,37.288437,3,68.158,4
361,85687023,127.13654,37.268677,3,68.144,4
362,85095032,127.11574,37.25599,3,68.106,4
363,87622733,127.20507,37.1927,3,67.965,4
364,85062958,127.114784,37.221733,3,67.767,4
365,84887197,127.108055,37.32447,3,67.69800000000001,4
366,87926859,127.21553,37.258076,3,67.60300000000001,4
367,84167228,127.082695,37.318073,3,67.506,4
368,85207175,127.11935,37.32361,3,67.422,4
369,83767275,127.068535,37.327938,3,67.289,4
370,87270852,127.192505,37.236385,3,67.186,4
371,83991040,127.07699,37.228367,3,67.1,4
372,84855159,127.10702,37.30644,3,67.098,4
373,83911268,127.07361,37.328857,3,66.908,4
374,86199025,127.15452,37.284054,3,66.858,4
375,87382931,127.1963,37.275154,3,66.744,4
376,84983034,127.11181,37.253723,2,66.723,4
377,84263201,127.086136,37.30862,3,66.678,4
378,84855200,127.106926,37.324917,3,66.672,4
379,84455262,127.09273,37.341545,3,66.661,4
380,85910623,127.14525,37.09473,3,66.64,4
381,83751246,127.06805,37.314415,2,66.625,4
382,85719036,127.137634,37.27544,3,66.616,4
383,85079030,127.11518,37.254635,3,66.576,4
384,87750864,127.20934,37.255356,2,66.538,4
385,86167047,127.15335,37.293064,3,66.304,4
386,84327191,127.0884,37.305927,3,66.254,4
387,87430833,127.19816,37.23234,3,66.205,4
388,84439233,127.09223,37.328022,3,66.105,4
389,87814804,127.21169,37.23012,3,66.084,4
390,83991227,127.076515,37.312645,3,66.048,4
391,86694717,127.17255,37.15926,3,65.922,4
392,85254993,127.121445,37.24294,3,65.908,4
393,85991029,127.1472,37.279976,2,65.86500000000001,4
394,89350946,127.26547,37.33751,3,65.83,4
395,84903050,127.10896,37.25867,3,65.78999999999999,4
396,85639025,127.13485,37.26822,3,65.77199999999999,4
397,87222856,127.19081,37.23683,3,65.766,4
398,84647247,127.09951,37.340218,2,65.685,4
399,86199030,127.15451,37.28631,3,65.664,4
400,88998982,127.25303,37.343792,3,65.62,4
401,84583242,127.09727,37.33615,3,65.61,4
402,84391183,127.09067,37.30413,3,65.482,4
403,87366841,127.19589,37.23414,3,65.47999999999999,4
404,84695232,127.10123,37.334816,2,65.45599999999999,4
405,86774750,127.175285,37.176395,3,65.34,4
406,90614641,127.31032,37.23573,2,65.229,4
407,84135185,127.08168,37.29779,2,65.208,4
408,87462837,127.19927,37.23505,3,65.11,4
409,87894591,127.21487,37.136383,3,65.093,4
410,85495084,127.12967,37.290737,3,65.088,4
411,85063027,127.11463,37.25283,3,65.076,4
412,83847084,127.07183,37.24412,3,65.064,4
413,88822738,127.24721,37.22885,3,65.05199999999999,4
414,83671257,127.06521,37.317112,3,64.96000000000001,4
415,87510831,127.200966,37.2337,3,64.926,4
416,84727240,127.10233,37.339325,3,64.785,4
417,84583254,127.097244,37.34156,3,64.71,4
418,89142982,127.2581,37.34786,3,64.7,4
419,83543261,127.06071,37.315292,3,64.686,4
420,84791093,127.10493,37.274883,3,64.672,4
421,92838321,127.38879,37.15425,2,64.65,4
422,87414850,127.19756,37.23955,3,64.619,4
423,85159175,127.11766,37.32225,3,64.604,4
424,84903097,127.10885,37.279854,3,64.6,4
425,84279192,127.086716,37.30502,3,64.595,4
426,87846548,127.21325,37.115646,3,64.58099999999999,4
427,84903198,127.10861,37.325375,3,64.512,4
428,85687022,127.13654,37.268227,3,64.48,4
429,83815087,127.0707,37.244568,3,64.465,4
430,90806640,127.31707,37.2407,2,64.4,4
431,85143176,127.117096,37.322247,3,64.304,4
432,86550919,127.16709,37.24623,2,64.288,4
433,83831271,127.070786,37.327946,3,64.232,4
434,86695118,127.17176,37.33999,3,64.231,4
435,85783111,127.139725,37.31105,3,64.215,4
436,88470912,127.234566,37.29733,3,64.19,4
437,84983204,127.11141,37.33034,3,64.168,4
438,90646632,127.311455,37.23258,2,64.155,4
439,85527123,127.13071,37.30922,3,64.125,4
440,86375020,127.16071,37.286774,2,64.09,4
441,85399185,127.12607,37.33354,3,64.082,4
442,84887199,127.10805,37.32537,3,64.053,4
443,85079080,127.11507,37.277172,3,64.011,4
444,87686894,127.20704,37.267067,3,63.984,4
445,84455197,127.09288,37.312252,2,63.898,4
446,84935057,127.11007,37.262733,3,63.801,4
447,86151063,127.152756,37.299824,3,63.696,4
448,87542844,127.20207,37.240463,2,63.67399999999999,4
449,84375256,127.08993,37.33658,3,63.650000000000006,4
450,84663214,127.10015,37.325798,3,63.644000000000005,4
451,84167203,127.082756,37.30681,3,63.577000000000005,4
452,86279008,127.157364,37.278652,3,63.485,4
453,87958920,127.21655,37.286472,3,63.412000000000006,4
454,86167033,127.15337,37.286755,3,63.36,4
455,87063100,127.18473,37.342278,3,63.359,4
456,84967116,127.11105,37.29023,3,63.325,4
457,85143020,127.117455,37.25194,2,63.30800000000001,4
458,84087208,127.07993,37.306797,3,63.3,4
459,86918876,127.1801,37.23725,3,63.154,4
460,83767270,127.06854,37.325687,3,63.117,4
461,84823075,127.106094,37.267677,3,63.099,4
462,84519070,127.095436,37.256824,3,63.085,4
463,83767070,127.06906,37.23555,3,63.056,4
464,84951210,127.110275,37.33214,3,63.047,4
465,84855097,127.10716,37.278496,3,63.035,4
466,85175183,127.1182,37.326305,3,62.99400000000001,4
467,83943045,127.075294,37.22926,3,62.989,4
468,83735085,127.067894,37.2414,3,62.80200000000001,4
469,87366848,127.195885,37.237293,2,62.764,4
470,84391232,127.09055,37.326214,3,62.69799999999999,4
471,84439199,127.092316,37.3127,2,62.689,4
472,84951168,127.110374,37.313213,3,62.657,4
473,87494835,127.2004,37.23505,2,62.643,4
474,87974701,127.21748,37.18822,2,62.64000000000001,4
475,84871159,127.10758,37.306892,2,62.64,4
476,84550987,127.09676,37.22032,2,62.592,4
477,93238248,127.40289,37.13263,3,62.592,4
478,84935209,127.10971,37.331238,3,62.536,4
479,83831279,127.07077,37.331554,3,62.512,4
480,87094856,127.18632,37.23321,3,62.445,4
481,86390987,127.16134,37.272354,2,62.370000000000005,4
482,84519225,127.09506,37.32668,3,62.339,4
483,85991010,127.14725,37.27141,3,62.269000000000005,4
484,83991236,127.07649,37.3167,2,62.221,4
485,86167009,127.15343,37.275936,3,62.186,4
486,84951116,127.11049,37.289776,3,62.13,4
487,85750997,127.13885,37.258766,3,62.118,4
488,84423117,127.09196,37.27529,3,62.117,4
489,84183024,127.08376,37.226585,3,62.11,4
490,87430845,127.198135,37.23775,3,62.07,4
491,85927032,127.14495,37.27952,3,62.069,4
492,84967208,127.11084,37.33169,3,62.02,4
493,88134881,127.22281,37.27387,2,61.95,4
494,85063194,127.11424,37.3281,3,61.794,4
495,86935109,127.180214,37.342716,3,61.782,4
496,85079184,127.11483,37.324043,3,61.737,4
497,84935026,127.11014,37.24876,3,61.718,4
498,87334849,127.194756,37.23684,2,61.693,4
499,84967085,127.11112,37.276257,3,61.578,4
500,85335158,127.12388,37.319565,3,61.568,4
501,85239093,127.12066,37.287556,3,61.551,4
502,89686697,127.277626,37.23477,2,61.516000000000005,4
503,89014752,127.25393,37.240585,3,61.516,4
504,84375187,127.0901,37.30548,3,61.479,4
505,86375125,127.1605,37.3341,3,61.465,4
506,88726933,127.24354,37.314026,3,61.465,4
507,84999142,127.112114,37.302853,3,61.426,4
508,87782875,127.21045,37.26122,2,61.392,4
509,88006873,127.21832,37.266644,3,61.344,4
510,84487226,127.09394,37.326225,3,61.34,4
511,87222833,127.19085,37.226463,3,61.28,4
512,84839089,127.10662,37.27444,3,61.21900000000001,4
513,83863073,127.07242,37.239616,3,61.156,4
514,84183023,127.08376,37.226135,3,61.137,4
515,85271071,127.12183,37.278545,3,61.132000000000005,4
516,84823047,127.10616,37.25506,2,61.08200000000001,4
517,84999094,127.11223,37.28122,3,61.078,4
518,85495056,127.12973,37.27812,3,61.074,4
519,83767258,127.06857,37.32028,3,61.019000000000005,4
520,88982977,127.25247,37.341087,3,60.996,4
521,87367072,127.19547,37.33825,3,60.996,4
522,84887088,127.10831,37.275345,3,60.996,4
523,86855111,127.1774,37.341354,3,60.996,4
524,84311215,127.08778,37.316288,3,60.933,4
525,83927227,127.07427,37.310833,3,60.924,4
526,85367096,127.125145,37.292526,3,60.893,4
527,86439004,127.16299,37.281372,3,60.78,4
528,84103141,127.080666,37.277054,3,60.741,4
529,84183121,127.08353,37.270306,3,60.711,4
530,85959048,127.14604,37.287632,3,60.553,4
531,84279231,127.086624,37.322594,3,60.537000000000006,4
532,85686798,127.13703,37.16727,3,60.5,4
533,85207061,127.119606,37.27223,3,60.494,4
534,83431312,127.05664,37.335106,3,60.48,4
535,83783259,127.06914,37.321182,3,60.45,4
536,84471085,127.09372,37.262226,3,60.325,4
537,84855105,127.10715,37.282104,3,60.24,4
538,89878675,127.2844,37.230278,3,60.208,4
539,84807047,127.1056,37.254604,2,60.09,4
540,85767042,127.13931,37.279503,2,60.05800000000001,4
541,87254853,127.19194,37.23638,2,60.048,4
542,87478819,127.19987,37.22739,2,60.048,4
543,83799243,127.06974,37.314423,2,60.04,4
544,84295260,127.08711,37.336117,2,59.982,4
545,84391270,127.09046,37.34334,2,59.96900000000001,4
546,84935107,127.109955,37.285267,3,59.96900000000001,4
547,84871060,127.10781,37.262276,3,59.959,4
548,85671029,127.13596,37.270927,3,59.94500000000001,4
549,84455203,127.09287,37.314957,2,59.878,4
550,83927145,127.07448,37.273876,3,59.81399999999999,4
551,84551250,127.09613,37.338852,3,59.789,4
552,84455247,127.092766,37.334785,3,59.774,4
553,88390800,127.23193,37.24459,3,59.77,4
554,85719018,127.13767,37.267326,3,59.626000000000005,4
555,85079198,127.1148,37.330353,3,59.61999999999999,4
556,85127201,127.11648,37.33306,3,59.53,4
557,84935201,127.10973,37.327633,3,59.503,4
558,85783026,127.13991,37.272743,3,59.494,4
559,84295196,127.087265,37.307274,2,59.474,4
560,83591254,127.06241,37.313496,2,59.444,4
561,85303110,127.12286,37.297028,2,59.43,4
562,85223190,127.11987,37.33082,3,59.424,4
563,85719164,127.13736,37.333126,3,59.3,4
564,83719263,127.06688,37.321175,3,59.27,4
565,84983181,127.111465,37.319977,2,59.27,4
566,84567245,127.0967,37.33705,3,59.252,4
567,85239121,127.12059,37.300175,3,59.248000000000005,4
568,84263218,127.08609,37.316284,3,59.188,4
569,84039152,127.07839,37.2802,3,59.184,4
570,88055002,127.21979,37.32614,2,59.175,4
571,86167019,127.153404,37.280445,3,59.13300000000001,4
572,89750667,127.279915,37.223057,3,59.128,4
573,83975262,127.07587,37.327965,3,59.056,4
574,85783112,127.139725,37.3115,3,59.036,4
575,83815155,127.070526,37.275215,3,58.978,4
576,84679208,127.10072,37.323544,3,58.95399999999999,4
577,85559035,127.13202,37.270466,3,58.909,4
578,83847056,127.0719,37.231503,3,58.828,4
579,84823228,127.105736,37.33663,3,58.75900000000001,4
580,83927219,127.074295,37.307228,3,58.673,4
581,85111088,127.11617,37.28168,2,58.652,4
582,84807224,127.10518,37.334377,3,58.502,4
583,86726896,127.17332,37.24084,3,58.47,4
584,84135214,127.081604,37.31086,3,58.437,4
585,86134995,127.15233,37.268723,2,58.422,4
586,85862964,127.142845,37.247063,2,58.422,4
587,85399156,127.12614,37.320473,2,58.387,4
588,84231253,127.08488,37.331154,3,58.368,4
589,83991258,127.07644,37.326614,3,58.296,4
590,84183219,127.08328,37.314472,3,58.27,4
591,84375222,127.09001,37.321255,3,58.174,4
592,85479120,127.12903,37.30651,3,58.091,4
593,84886985,127.10855,37.228924,3,58.086,4
594,86838881,127.17728,37.237244,3,58.064,4
595,87990867,127.217766,37.26349,2,58.064,4
596,84455225,127.09282,37.32487,3,58.043,4
597,86534718,127.16693,37.15519,3,58.00599999999999,4
598,83895209,127.0732,37.301815,2,57.988,4
599,85479176,127.1289,37.33175,3,57.957,4
600,83719285,127.06682,37.33109,3,57.94500000000001,4
601,86550935,127.16706,37.25344,2,57.932,4
602,86215007,127.15511,37.276394,3,57.925,4
603,85127077,127.11676,37.277176,2,57.912,4
604,83783258,127.06914,37.320732,3,57.904,4
605,85159026,127.118004,37.255096,3,57.879,4
606,85654986,127.1355,37.251095,3,57.787,4
607,83975219,127.07597,37.308586,2,57.765,4
608,90710482,127.313866,37.16678,2,57.606,4
609,84119243,127.08097,37.32348,3,57.587,4
610,88918974,127.25023,37.33793,3,57.584,4
611,88966850,127.2521,37.283398,2,57.55500000000001,4
612,85015132,127.1127,37.298798,3,57.511,4
613,85031033,127.113495,37.25463,2,57.504,4
614,84887016,127.108475,37.242897,3,57.489,4
615,84119218,127.08103,37.31221,2,57.369,4
616,83879246,127.07254,37.31804,3,57.367,4
617,85591030,127.133156,37.269115,3,57.33,4
618,84231219,127.08496,37.31583,3,57.312000000000005,4
619,84407247,127.09108,37.333427,3,57.21,4
620,86150997,127.15289,37.270077,3,57.188,4
621,84599194,127.097946,37.314972,3,57.166,4
622,83879146,127.07279,37.27297,2,57.16,4
623,90550633,127.308075,37.230316,3,57.122,4
624,84535212,127.09566,37.321274,3,57.106,4
625,85383115,127.12566,37.301544,3,57.074,4
626,83767253,127.06859,37.318024,3,56.952000000000005,4
627,83719265,127.06687,37.322075,3,56.952000000000005,4
628,86167020,127.153404,37.280895,3,56.944,4
629,84999068,127.11229,37.2695,2,56.94,4
630,90710643,127.31369,37.23934,3,56.92400000000001,3
631,84055207,127.07882,37.305443,3,56.908,3
632,87686748,127.2073,37.201267,3,56.900000000000006,3
633,85335125,127.123955,37.30469,3,56.865,3
634,87638699,127.205696,37.177826,3,56.801,3
635,84023154,127.07783,37.28065,3,56.765,3
636,87814816,127.21167,37.23553,3,56.714,3
637,84071216,127.07935,37.30995,3,56.654,3
638,84007224,127.07709,37.311745,3,56.599,3
639,88375027,127.231,37.346447,2,56.475,3
640,86327016,127.159035,37.283615,2,56.459,3
641,84295229,127.08719,37.322147,2,56.36399999999999,3
642,83895268,127.073044,37.328407,3,56.355,3
643,83447283,127.057274,37.32249,3,56.34,3
644,84071204,127.079384,37.304543,3,56.327,3
645,84823062,127.106125,37.261818,3,56.312,3
646,87190953,127.18951,37.279644,3,56.304,3
647,84055037,127.07924,37.228825,2,56.3,3
648,86119036,127.15169,37.28675,3,56.29600000000001,3
649,85750999,127.13884,37.25967,3,56.227,3
650,86518919,127.16597,37.245327,3,56.085,3
651,83623263,127.06351,37.318455,2,56.07000000000001,3
652,83815277,127.07021,37.3302,3,56.04,3
653,84519082,127.095406,37.262234,3,56.032,3
654,84727153,127.10254,37.300114,2,56.032,3
655,84167216,127.082726,37.312668,3,56.005,3
656,85079083,127.11506,37.278522,3,55.973,3
657,84839164,127.106445,37.30824,3,55.955,3
658,85143067,127.11735,37.27312,3,55.953,3
659,87766774,127.21006,37.215244,3,55.892,3
660,84791062,127.105,37.260914,3,55.823,3
661,83847267,127.07136,37.3266,3,55.796,3
662,84487237,127.09391,37.331184,3,55.784,3
663,84327189,127.08841,37.305023,2,55.775,3
664,88950978,127.25135,37.340633,3,55.768,3
665,85063204,127.11422,37.332603,2,55.746,3
666,83495270,127.059,37.31799,3,55.739,3
667,87430847,127.19813,37.23865,3,55.671,3
668,84247211,127.08555,37.312675,2,55.638000000000005,3
669,85351103,127.124565,37.29523,3,55.622,3
670,87558971,127.20241,37.298157,3,55.620000000000005,3
671,88422872,127.23294,37.277946,3,55.620000000000005,3
672,88166654,127.224304,37.172462,2,55.584,3
673,84247023,127.08601,37.227947,3,55.554,3
674,87702729,127.207886,37.193157,3,55.55,3
675,85814987,127.14111,37.25607,3,55.526,3
676,84935181,127.10978,37.31862,2,55.523,3
677,85335118,127.12397,37.301537,3,55.497,3
678,87766729,127.21014,37.194965,3,55.382,3
679,84935061,127.11006,37.264534,3,55.355,3
680,84967028,127.11126,37.25057,3,55.34,3
681,88086871,127.22114,37.268005,2,55.32,3
682,84695027,127.101715,37.242424,3,55.316,3
683,84647223,127.09956,37.3294,3,55.302,3
684,84471197,127.093445,37.312702,3,55.284000000000006,3
685,85319194,127.12324,37.33534,3,55.24,3
686,87990888,127.217735,37.272953,3,55.23,3
687,88006879,127.21831,37.26935,3,55.23,3
688,88966967,127.25193,37.33613,3,55.199,3
689,84887143,127.108185,37.300133,3,55.188,3
690,87350858,127.195305,37.24135,3,55.132000000000005,3
691,84503225,127.094505,37.32623,3,55.084,3
692,84055249,127.07871,37.32437,3,55.07,3
693,89078982,127.255844,37.34605,2,55.065000000000005,3
694,84135218,127.0816,37.312664,3,55.063,3
695,90310646,127.29962,37.2294,2,55.05500000000001,3
696,86310998,127.15851,37.27505,2,55.053,3
697,88422882,127.232925,37.28245,2,55.02,3
698,84871147,127.10761,37.301483,3,55.016000000000005,3
699,86295126,127.157684,37.332287,3,54.995,3
700,84311198,127.08782,37.308628,2,54.989,3
701,84391237,127.09054,37.32847,2,54.929,3
702,84951195,127.110306,37.32538,3,54.902,3
703,85415178,127.12665,37.33084,3,54.851,3
704,83815160,127.07051,37.27747,3,54.821,3
705,84999143,127.112114,37.303303,3,54.81100000000001,3
706,85303189,127.12269,37.33263,3,54.790000000000006,3
707,84631162,127.09915,37.301456,3,54.778,3
708,87894807,127.2145,37.233734,3,54.74399999999999,3
709,86023052,127.14828,37.291245,3,54.741,3
710,84695249,127.10119,37.342476,3,54.717,3
711,84535092,127.09595,37.267193,3,54.615,3
712,84423216,127.09171,37.31991,3,54.61,3
713,84583216,127.097336,37.324436,3,54.447,3
714,83751210,127.06814,37.29819,2,54.402,3
715,84919187,127.1092,37.32087,3,54.392,3
716,84871223,127.10743,37.335735,3,54.314,3
717,84135211,127.08161,37.30951,3,54.286,3
718,84471260,127.09329,37.3411,2,54.258,3
719,85287177,127.122154,37.32677,3,54.231,3
720,84839099,127.1066,37.278946,3,54.225,3
721,84599175,127.09799,37.306408,3,54.119,3
722,84551234,127.09617,37.331642,3,54.091,3
723,84471235,127.09335,37.32983,3,54.089,3
724,88022801,127.219,37.234646,2,54.07600000000001,3
725,87862843,127.21331,37.249054,2,54.076,3
726,84823218,127.10576,37.332127,2,54.05,3
727,86743123,127.17344,37.343597,2,54.040000000000006,3
728,87670677,127.206856,37.168816,3,54.039,3
729,90918603,127.321045,37.227184,2,53.874,3
730,87990875,127.21776,37.267094,3,53.864,3
731,87462849,127.19925,37.24046,2,53.81,3
732,85303104,127.12288,37.294323,3,53.768,3
733,86999098,127.18249,37.33957,2,53.75800000000001,3
734,90870643,127.31931,37.24386,2,53.748000000000005,3
735,85063182,127.11427,37.32269,2,53.748000000000005,3
736,85671033,127.135956,37.27273,2,53.746,3
737,85255016,127.12139,37.253304,3,53.713,3
738,84503221,127.09451,37.324425,2,53.625,3
739,84647149,127.09974,37.29605,2,53.57300000000001,3
740,84551098,127.0965,37.270348,3,53.573,3
741,85079107,127.115005,37.28934,2,53.516,3
742,87814893,127.21154,37.270233,2,53.514,3
743,84583244,127.09727,37.337055,3,53.504,3
744,88054884,127.219986,37.27296,3,53.458,3
745,86630898,127.169945,37.23903,3,53.458,3
746,85479099,127.129074,37.297047,3,53.409,3
747,84455200,127.09288,37.313602,3,53.396,3
748,84535235,127.095604,37.331642,2,53.36599999999999,3
749,84999108,127.1122,37.28753,3,53.354,3
750,84695130,127.10147,37.288845,3,53.312,3
751,88358805,127.2308,37.24594,3,53.298,3
752,86086993,127.15065,37.266464,2,53.28,3
753,84567201,127.09681,37.317223,3,53.26100000000001,3
754,83799156,127.06996,37.27521,3,53.238,3
755,84615202,127.09849,37.31903,3,53.22,3
756,84599218,127.09789,37.32579,3,53.216,3
757,87990790,127.217896,37.228786,2,53.214,3
758,84567184,127.09685,37.30956,3,53.189,3
759,84391233,127.090546,37.326664,3,53.17400000000001,3
760,83319293,127.05276,37.32337,2,53.159,3
761,87638616,127.20584,37.14042,2,53.1,3
762,86375016,127.16072,37.284973,3,53.054,3
763,89878677,127.2844,37.23118,3,52.928,3
764,84007216,127.07711,37.30814,3,52.921,3
765,86294990,127.15796,37.270992,3,52.907,3
766,84359226,127.08944,37.322605,3,52.87700000000001,3
767,85671030,127.13596,37.271378,3,52.877,3
768,87910809,127.21506,37.23509,3,52.833,3
769,84919162,127.10926,37.3096,3,52.824,3
770,85175080,127.11844,37.27989,3,52.793000000000006,3
771,87350852,127.19531,37.238644,3,52.787,3
772,84951138,127.11044,37.29969,2,52.761,3
773,84103204,127.080505,37.305447,3,52.754,3
774,84359107,127.08974,37.268974,3,52.736,3
775,90390672,127.30241,37.243378,2,52.728,3
776,87574823,127.20323,37.231903,3,52.726000000000006,3
777,85991070,127.14712,37.298454,2,52.707,3
778,85047075,127.11396,37.274014,3,52.695,3
779,86055060,127.14938,37.295757,3,52.63700000000001,3
780,86294985,127.157974,37.268738,2,52.637,3
781,90950525,127.32226,37.192932,2,52.63499999999999,3
782,84199244,127.08378,37.32619,2,52.632,3
783,84135242,127.081535,37.32348,3,52.625,3
784,88358806,127.2308,37.24639,3,52.56999999999999,3
785,84727038,127.10281,37.248287,3,52.563,3
786,84375154,127.09018,37.290607,2,52.53,3
787,85063199,127.114235,37.33035,2,52.497,3
788,82935401,127.03898,37.36118,3,52.48799999999999,3
789,89814687,127.282135,37.23388,2,52.477,3
790,84983165,127.1115,37.312763,3,52.472,3
791,84343235,127.08886,37.32621,3,52.401,3
792,83815061,127.07076,37.23285,3,52.395,3
793,84631160,127.09915,37.300556,3,52.392,3
794,84951150,127.11041,37.3051,2,52.378,3
795,84423215,127.09171,37.319458,3,52.372,3
796,87510827,127.20097,37.2319,3,52.358,3
797,90662540,127.31212,37.191563,2,52.325,3
798,88102837,127.221756,37.25313,2,52.32,3
799,84615238,127.098404,37.335255,2,52.29,3
800,85287012,127.12253,37.252407,3,52.279,3
801,86311000,127.1585,37.27595,2,52.224,3
802,87974914,127.217125,37.284218,2,52.222,3
803,87590733,127.20395,37.191795,3,52.206,3
804,86262987,127.156845,37.268738,3,52.18300000000001,3
805,88758980,127.24459,37.336113,2,52.178,3
806,84711021,127.102295,37.240173,3,52.145,3
807,92134447,127.363945,37.191185,2,52.11,3
808,85143175,127.117096,37.321796,3,52.102,3
809,85158976,127.11811,37.232563,2,52.078,3
810,83783069,127.06962,37.23555,3,52.034,3
811,86166984,127.15348,37.26467,3,52.008,3
812,83911207,127.07376,37.30137,2,52.00699999999999,3
813,85127024,127.11688,37.25329,3,51.996,3
814,85303190,127.12269,37.33308,2,51.993,3
815,84663222,127.10013,37.329403,3,51.944,3
816,84935027,127.11014,37.24921,3,51.936,3
817,87142864,127.18799,37.238174,3,51.928,3
818,85831139,127.14135,37.325027,2,51.855,3
819,84199085,127.084175,37.25453,3,51.848,3
820,85031081,127.11338,37.276264,3,51.791,3
821,87094859,127.18631,37.234566,3,51.757000000000005,3
822,84743005,127.103455,37.233864,2,51.755,3
823,84615199,127.098495,37.31768,3,51.724,3
824,85431126,127.12733,37.307858,2,51.702,3
825,85127189,127.11651,37.327652,3,51.68,3
826,88358807,127.2308,37.24684,3,51.678,3
827,87094857,127.18631,37.23366,3,51.67700000000001,3
828,85751101,127.13862,37.30564,3,51.659,3
829,85079089,127.11505,37.281227,3,51.636,3
830,83991202,127.076584,37.301376,2,51.623,3
831,85191179,127.118774,37.32496,3,51.608,3
832,84007205,127.07713,37.30318,3,51.608,3
833,88199017,127.22483,37.336967,2,51.602,3
834,84983136,127.11157,37.299694,3,51.552,3
835,84711094,127.10212,37.27307,3,51.547,3
836,85159025,127.118004,37.254646,3,51.54,3
837,84887003,127.108505,37.237038,2,51.54,3
838,84983138,127.111565,37.300594,3,51.54,3
839,85015206,127.11253,37.33215,3,51.537,3
840,84663210,127.10016,37.323994,3,51.524,3
841,85015160,127.11264,37.311417,3,51.523,3
842,85511083,127.13023,37.29074,3,51.468,3
843,83895152,127.07334,37.276127,2,51.444,3
844,84455274,127.0927,37.346954,2,51.428,3
845,84167242,127.08266,37.324383,2,51.419,3
846,85143080,127.11732,37.27898,3,51.38,3
847,88086901,127.221085,37.281525,2,51.377,3
848,88246901,127.22671,37.286045,2,51.285,3
849,84919185,127.10921,37.31997,3,51.263,3
850,86135016,127.15229,37.278187,3,51.258,3
851,87718826,127.20828,37.237324,2,51.194,3
852,85271012,127.12196,37.251953,2,51.17,3
853,83431367,127.05649,37.359894,2,51.169,3
854,85894980,127.143936,37.255177,3,51.150000000000006,3
855,85335188,127.12382,37.333084,3,51.14,3
856,88886963,127.249115,37.332066,3,51.109,3
857,85846981,127.14225,37.254272,3,51.108,3
858,88150829,127.22345,37.25088,2,51.108,3
859,88710984,127.2429,37.33656,3,51.099,3
860,84855110,127.10713,37.284355,3,51.06400000000001,3
861,87894812,127.214485,37.23599,3,50.993,3
862,87094872,127.18629,37.240425,3,50.97,3
863,86119049,127.15166,37.292606,3,50.943,3
864,83991253,127.076454,37.324364,3,50.94,3
865,85015197,127.11255,37.32809,3,50.939,3
866,88262825,127.227394,37.252243,3,50.875,3
867,85014984,127.113045,37.232094,2,50.87,3
868,84934984,127.11024,37.22983,2,50.856,3
869,84007251,127.07702,37.323914,2,50.82,3
870,84391076,127.090935,37.25591,2,50.8,3
871,87974915,127.217125,37.28467,3,50.794,3
872,84663207,127.10017,37.322643,2,50.76,3
873,84407213,127.091156,37.318104,3,50.753,3
874,85127112,127.116684,37.29295,3,50.752,3
875,84359202,127.0895,37.31179,3,50.689,3
876,86534957,127.16646,37.262905,2,50.676,3
877,85415177,127.12665,37.33039,2,50.671,3
878,85351114,127.12454,37.300186,3,50.612,3
879,84119202,127.08108,37.305,3,50.463,3
880,86359005,127.16018,37.279564,2,50.376000000000005,3
881,83703345,127.0661,37.357677,3,50.36,3
882,84375186,127.0901,37.30503,3,50.351,3
883,84951141,127.110435,37.301044,3,50.32,3
884,86535000,127.16637,37.282284,3,50.286,3
885,83959268,127.075294,37.330215,3,50.279,3
886,85958739,127.14669,37.14837,2,50.265,3
887,86263005,127.15681,37.276848,3,50.255,3
888,86135106,127.1521,37.31875,3,50.232,3
889,87398631,127.197395,37.140396,2,50.215,3
890,84103236,127.08043,37.31987,3,50.197,3
891,84167201,127.08276,37.305904,2,50.19,3
892,84295188,127.08729,37.30367,3,50.18900000000001,3
893,85255126,127.12115,37.30288,3,50.171,3
894,83671258,127.06521,37.317562,2,50.167,3
895,84551089,127.09651,37.266293,3,50.128,3
896,86631001,127.16974,37.28545,2,50.112,3
897,85191097,127.118965,37.288002,3,50.076,3
898,93558246,127.41415,37.14075,2,50.076,3
899,87926879,127.2155,37.26709,2,50.075,3
900,87814707,127.21186,37.186405,3,50.05,3
901,83719211,127.06701,37.297737,3,50.041,3
902,84951113,127.1105,37.288425,3,50.006,3
903,84935081,127.11001,37.27355,3,50.005,3
904,85271014,127.121956,37.252857,3,49.98,3
905,84823042,127.10617,37.252804,3,49.98,3
906,84967064,127.111176,37.266792,3,49.968,3
907,84711194,127.10188,37.318142,2,49.852,3
908,85159115,127.1178,37.295208,3,49.848,3
909,84119245,127.08097,37.32438,3,49.805,3
910,84919076,127.10946,37.270844,2,49.797,3
911,85543057,127.13141,37.279926,3,49.726,3
912,85495174,127.12947,37.3313,2,49.673,3
913,86535026,127.16632,37.294003,3,49.658,3
914,87846827,127.212776,37.241394,3,49.63,3
915,84983135,127.11157,37.299244,3,49.587,3
916,87350861,127.1953,37.242702,3,49.558,3
917,83719253,127.0669,37.316666,2,49.54600000000001,3
918,85015031,127.11294,37.253277,3,49.53999999999999,3
919,83495284,127.05896,37.3243,3,49.534000000000006,3
920,85079090,127.11504,37.281677,3,49.513000000000005,3
921,85846984,127.14224,37.255623,3,49.512,3
922,85719116,127.13747,37.311493,3,49.46,3
923,93126278,127.39894,37.142994,2,49.426,3
924,83911196,127.07379,37.29641,3,49.413,3
925,87286954,127.19288,37.282806,2,49.348,3
926,87638905,127.20534,37.270668,2,49.335,3
927,83799155,127.06996,37.27476,3,49.32,3
928,85575034,127.13258,37.270466,3,49.304,3
929,84311203,127.087814,37.310883,3,49.28,3
930,85223061,127.12017,37.272682,3,49.248000000000005,3
931,88998962,127.25306,37.334778,3,49.245000000000005,3
932,84791215,127.104645,37.32987,2,49.212,3
933,85159190,127.11763,37.32901,3,49.196,3
934,87174853,127.18913,37.234123,3,49.162,3
935,87638827,127.205475,37.235516,3,49.11,3
936,86390958,127.1614,37.259285,3,49.092,3
937,87334847,127.194756,37.23594,3,49.091,3
938,87750717,127.209595,37.189102,3,49.035,3
939,85687005,127.13658,37.260563,3,49.024,3
940,84967062,127.111176,37.265892,3,49.004,3
941,85367180,127.124954,37.330383,3,48.988,3
942,84887222,127.107994,37.33574,3,48.914,3
943,83911258,127.07363,37.324352,2,48.883,3
944,85927041,127.14493,37.283573,3,48.82000000000001,3
945,84951062,127.11062,37.265438,3,48.784,2
946,84599217,127.09789,37.32534,3,48.737,2
947,85127166,127.116554,37.317287,3,48.729,2
948,84183198,127.08333,37.305008,3,48.682,2
949,83767250,127.068596,37.316673,2,48.66,2
950,84231218,127.08497,37.31538,3,48.627,2
951,85191066,127.11903,37.27403,3,48.619,2
952,84455209,127.09286,37.31766,3,48.612,2
953,84407237,127.0911,37.328922,3,48.607,2
954,84935204,127.109726,37.328983,3,48.591,2
955,83959227,127.07539,37.31174,3,48.573,2
956,84503246,127.09445,37.335693,3,48.539,2
957,87190869,127.18966,37.241783,2,48.504,2
958,84423209,127.09173,37.316753,3,48.50399999999999,2
959,85815001,127.14108,37.26238,3,48.492,2
960,86087067,127.1505,37.299816,3,48.469,2
961,87878804,127.21394,37.23193,3,48.456,2
962,83831262,127.07081,37.32389,2,48.454,2
963,85335121,127.12396,37.30289,3,48.44,2
964,84375228,127.09,37.32396,3,48.397000000000006,2
965,84999061,127.112305,37.266346,3,48.393,2
966,84711243,127.10176,37.340225,2,48.384,2
967,84951111,127.110504,37.28752,2,48.324,2
968,84551231,127.096176,37.33029,3,48.312,2
969,84919167,127.10925,37.311855,3,48.274,2
970,83703276,127.066284,37.32658,3,48.246,2
971,88358888,127.23067,37.283348,2,48.204,2
972,86886727,127.17926,37.169193,2,48.20399999999999,2
973,84375257,127.08993,37.33703,3,48.19200000000001,2
974,84583201,127.09737,37.317677,3,48.184000000000005,2
975,84967084,127.11113,37.275806,3,48.157,2
976,84407273,127.09101,37.345146,3,48.114,2
977,86327010,127.15904,37.28091,3,48.08,2
978,84455207,127.09286,37.316757,2,48.072,2
979,87718748,127.20842,37.20217,3,48.048,2
980,84663245,127.100075,37.339767,3,48.024,2
981,84167226,127.0827,37.317173,3,47.984,2
982,84999010,127.11242,37.24336,2,47.952,2
983,86359017,127.16016,37.28497,3,47.905,2
984,83927160,127.07444,37.280636,2,47.888,2
985,84711238,127.101776,37.33797,3,47.883,2
986,85527034,127.1309,37.269108,3,47.853,2
987,88390804,127.231926,37.246395,2,47.828,2
988,84567249,127.096695,37.338856,2,47.825,2
989,84951100,127.11053,37.282566,3,47.795,2
990,85335168,127.12386,37.32407,3,47.784000000000006,2
991,85063133,127.11439,37.300606,3,47.773,2
992,85239058,127.120735,37.271782,3,47.753,2
993,84103243,127.080414,37.323025,3,47.712,2
994,84375024,127.0905,37.232018,2,47.71000000000001,2
995,84791061,127.105,37.260464,3,47.684,2
996,84711221,127.101814,37.33031,2,47.671,2
997,83687221,127.065865,37.30134,2,47.67099999999999,2
998,84439094,127.092575,37.265377,3,47.67,2
999,83671292,127.06512,37.332886,3,47.64,2
1000,87094858,127.18631,37.234116,3,47.64,2
1001,87014853,127.18351,37.2296,2,47.606,2
1002,87462620,127.19966,37.137245,3,47.586,2
1003,87366634,127.196266,37.140842,3,47.586,2
1004,85479123,127.12902,37.30786,2,47.586,2
1005,85303094,127.1229,37.289818,3,47.572,2
1006,86230984,127.15572,37.26648,3,47.571,2
1007,83543269,127.060684,37.318897,2,47.544,2
1008,92454367,127.37526,37.164154,2,47.542,2
1009,84087199,127.079956,37.302742,3,47.525,2
1010,83783268,127.069115,37.325237,3,47.501000000000005,2
1011,88550798,127.23756,37.24821,2,47.50099999999999,2
1012,88006827,127.2184,37.245914,2,47.498000000000005,2
1013,91398467,127.33806,37.179432,2,47.439,2
1014,90838634,127.3182,37.238895,3,47.432,2
1015,84023253,127.077576,37.325268,2,47.405,2
1016,88054971,127.21984,37.31217,2,47.34,2
1017,86103049,127.15109,37.292156,2,47.324,2
1018,84039258,127.078125,37.327972,2,47.321000000000005,2
1019,85735004,127.13827,37.26147,3,47.306,2
1020,85399175,127.12609,37.329037,3,47.244,2
1021,84471202,127.09344,37.314957,2,47.226,2
1022,85511177,127.13002,37.333107,3,47.18,2
1023,84839228,127.1063,37.337086,3,47.164,2
1024,84583253,127.097244,37.34111,3,47.152,2
1025,84967182,127.1109,37.319973,3,47.093,2
1026,84551215,127.096214,37.32308,3,47.068,2
1027,84359174,127.08957,37.29917,2,47.061,2
1028,87254856,127.19193,37.237736,2,47.047,2
1029,87830669,127.21249,37.16973,2,47.047,2
1030,83671213,127.06532,37.29728,3,47.022,2
1031,86150999,127.152885,37.270977,2,47.011,2
1032,85895050,127.14379,37.286724,2,47.008,2
1033,85143195,127.11705,37.33081,2,46.994,2
1034,84711215,127.10183,37.327606,3,46.992,2
1035,87974537,127.21776,37.114304,2,46.982,2
1036,84151209,127.082184,37.30906,2,46.93,2
1037,87526734,127.201706,37.190437,2,46.915,2
1038,87398858,127.19698,37.242706,3,46.816,2
1039,83607262,127.06295,37.317554,3,46.814,2
1040,85975035,127.14663,37.282227,2,46.788,2
1041,84199123,127.084076,37.27166,3,46.777,2
1042,85463042,127.12864,37.270905,3,46.733,2
1043,85479154,127.12895,37.321835,2,46.719,2
1044,84887095,127.10829,37.2785,3,46.608,2
1045,84551249,127.09613,37.3384,3,46.57,2
1046,83799068,127.07018,37.235554,3,46.556,2
1047,85799108,127.14029,37.31015,3,46.55200000000001,2
1048,85062963,127.11478,37.223988,2,46.55200000000001,2
1049,84295208,127.08724,37.312683,3,46.541,2
1050,86071069,127.14993,37.300266,3,46.476,2
1051,84503227,127.0945,37.32713,3,46.466,2
1052,85175182,127.11821,37.325855,3,46.388000000000005,2
1053,87206843,127.19027,37.23052,2,46.386,2
1054,84135236,127.08155,37.320774,3,46.37700000000001,2
1055,84599176,127.09799,37.30686,3,46.312000000000005,2
1056,85047172,127.11373,37.31773,3,46.276,2
1057,83687256,127.06577,37.317112,2,46.23,2
1058,85351115,127.12454,37.300636,3,46.23,2
1059,85415127,127.12676,37.307858,2,46.199,2
1060,84583220,127.09732,37.326237,3,46.19,2
1061,84871091,127.10774,37.276245,3,46.152,2
1062,90214649,127.29624,37.228043,3,46.145,2
1063,84839098,127.106606,37.278496,3,46.08,2
1064,84551219,127.0962,37.324883,3,46.06,2
1065,84903143,127.10874,37.300587,3,46.058,2
1066,84375120,127.09026,37.275284,3,46.032,2
1067,86038722,127.14953,37.142967,2,46.004000000000005,2
1068,84279229,127.086624,37.321693,3,46.001000000000005,2
1069,90902540,127.32055,37.198338,2,45.981,2
1070,86662792,127.17127,37.192158,2,45.948,2
1071,86007053,127.14771,37.291245,2,45.936,2
1072,84439198,127.09232,37.31225,3,45.893,2
1073,84487188,127.09403,37.3091,3,45.891,2
1074,84407257,127.09105,37.337933,2,45.86000000000001,2
1075,88294914,127.22838,37.29326,2,45.85000000000001,2
1076,90934540,127.32168,37.19924,3,45.85,2
1077,83959203,127.075455,37.300922,3,45.833,2
1078,83815205,127.0704,37.29775,3,45.827,2
1079,84471233,127.09336,37.32893,2,45.783,2
1080,85127113,127.11668,37.2934,3,45.78,2
1081,85255111,127.12118,37.29612,2,45.749,2
1082,84359256,127.08937,37.336124,2,45.747,2
1083,86678895,127.17163,37.239033,3,45.739,2
1084,86342968,127.15969,37.262436,3,45.724,2
1085,89782694,127.281006,37.23613,2,45.61,2
1086,89702670,127.27822,37.223053,3,45.61,2
1087,84199245,127.08378,37.32664,2,45.598,2
1088,85335007,127.12422,37.25151,2,45.584,2
1089,83943265,127.07474,37.32841,3,45.47,2
1090,84487236,127.09391,37.330734,3,45.465,2
1091,84199201,127.083885,37.306812,3,45.462,2
1092,84727214,127.102394,37.327606,3,45.46,2
1093,90214653,127.29624,37.229847,3,45.417,2
1094,84695093,127.10156,37.272167,3,45.388,2
1095,86998855,127.182945,37.23005,3,45.344,2
1096,85367176,127.12497,37.328583,2,45.324,2
1097,84983097,127.11166,37.282116,2,45.318,2
1098,93030296,127.39555,37.1484,2,45.27,2
1099,84551200,127.096245,37.31632,2,45.27,2
1100,84695184,127.10134,37.313183,3,45.24300000000001,2
1101,83735212,127.06757,37.29864,3,45.241,2
1102,86918766,127.180305,37.187675,2,45.24,2
1103,85047146,127.11379,37.30601,3,45.22,2
1104,85303185,127.122696,37.33083,3,45.204,2
1105,87862812,127.21336,37.235085,2,45.183,2
1106,84854979,127.107445,37.225315,2,45.178,2
1107,84839093,127.10661,37.27624,3,45.173,2
1108,86215023,127.15508,37.283604,3,45.16,2
1109,84711092,127.10213,37.27217,3,45.128,2
1110,84823072,127.1061,37.266323,3,45.094,2
1111,84231217,127.08497,37.314926,3,45.09100000000001,2
1112,83911219,127.07373,37.306774,3,45.06999999999999,2
1113,87958871,127.21664,37.26439,3,45.043,2
1114,84391254,127.0905,37.33613,2,45.024,2
1115,84359197,127.089516,37.309536,3,45.008,2
1116,84999199,127.111984,37.32854,3,45.0,2
1117,84631161,127.09915,37.301006,3,44.992,2
1118,84343106,127.08917,37.26807,3,44.946,2
1119,85351174,127.124405,37.32723,3,44.92,2
1120,85527055,127.13085,37.278572,2,44.91,2
1121,85255192,127.120995,37.332626,2,44.907,2
1122,86214996,127.155136,37.271435,2,44.896,2
1123,84183083,127.08362,37.253178,2,44.892,2
1124,85031126,127.11328,37.296547,3,44.89,2
1125,87894824,127.21447,37.241398,3,44.842,2
1126,83911246,127.07366,37.318943,2,44.832,2
1127,85047158,127.11377,37.31142,3,44.825,2
1128,86151045,127.152794,37.29171,3,44.81399999999999,2
1129,84183245,127.08321,37.32619,2,44.8,2
1130,85479170,127.128914,37.329044,2,44.724,2
1131,86902877,127.179535,37.23725,3,44.711,2
1132,84423231,127.091675,37.326668,2,44.628,2
1133,85159083,127.117874,37.280785,3,44.607,2
1134,84823105,127.106026,37.281197,2,44.59,2
1135,84759192,127.10357,37.318596,2,44.572,2
1136,84999161,127.112076,37.311413,2,44.572,2
1137,84839041,127.106735,37.252808,3,44.55199999999999,2
1138,86566903,127.16769,37.23947,3,44.502,2
1139,87942920,127.21599,37.28602,2,44.496,2
1140,89366894,127.266106,37.31452,2,44.44,2
1141,84983134,127.11157,37.298794,3,44.439,2
1142,84679209,127.10072,37.323997,3,44.42,2
1143,84039215,127.07823,37.308594,3,44.373000000000005,2
1144,84023059,127.078064,37.237835,2,44.348,2
1145,84951083,127.110565,37.274902,3,44.343,2
1146,84855061,127.107254,37.26227,3,44.326,2
1147,84983213,127.11139,37.334396,3,44.306,2
1148,83911159,127.07388,37.279736,3,44.289,2
1149,84663224,127.10012,37.330303,3,44.28399999999999,2
1150,84295209,127.087234,37.313133,3,44.275,2
1151,86502905,127.165436,37.238564,3,44.224,2
1152,85607164,127.13342,37.32996,3,44.209,2
1153,85511126,127.130135,37.31012,3,44.205,2
1154,84839070,127.10667,37.265877,2,44.176,2
1155,87286856,127.193054,37.23864,2,44.171,2
1156,85319195,127.12324,37.33579,2,44.154,2
1157,84839042,127.106735,37.253258,2,44.066,2
1158,85591031,127.133156,37.269566,3,44.04,2
1159,84423208,127.091736,37.316303,3,43.992,2
1160,86087031,127.15057,37.283592,3,43.96900000000001,2
1161,84663200,127.10018,37.31949,3,43.954,2
1162,88150688,127.22369,37.187336,2,43.940000000000005,2
1163,86439011,127.16298,37.284527,3,43.908,2
1164,86135034,127.15225,37.2863,3,43.896,2
1165,85207063,127.1196,37.27313,2,43.889,2
1166,86407005,127.161865,37.28092,3,43.870000000000005,2
1167,86902888,127.17951,37.24221,2,43.867,2
1168,87830885,127.21211,37.267082,2,43.862,2
1169,84855109,127.10714,37.283905,3,43.855,2
1170,84007130,127.077324,37.269382,3,43.834,2
1171,83447312,127.0572,37.33556,3,43.736,2
1172,84231193,127.08503,37.30411,3,43.712,2
1173,84231202,127.08501,37.308167,2,43.667,2
1174,84583178,127.09743,37.30731,3,43.66,2
1175,84119211,127.081055,37.309055,3,43.615,2
1176,84183241,127.08322,37.324387,3,43.613,2
1177,87110832,127.18692,37.222847,2,43.565,2
1178,86886885,127.178955,37.240406,2,43.56,2
1179,87606897,127.20422,37.26616,2,43.548,2
1180,86007034,127.14776,37.28268,3,43.524,2
1181,88502823,127.23583,37.25812,2,43.472,2
1182,84679218,127.1007,37.328053,2,43.43,2
1183,84359220,127.089455,37.3199,3,43.43,2
1184,86630899,127.169945,37.23948,3,43.404,2
1185,87846886,127.21268,37.267982,3,43.391000000000005,2
1186,83959239,127.07536,37.317146,2,43.374,2
1187,86486904,127.16488,37.23766,2,43.318000000000005,2
1188,86038991,127.14897,37.264206,3,43.311,2
1189,86279004,127.15737,37.27685,3,43.306,2
1190,85223179,127.1199,37.325863,3,43.299,2
1191,83927195,127.074356,37.296413,3,43.271,2
1192,84935018,127.11016,37.245155,3,43.242,2
1193,88102863,127.22171,37.26485,2,43.24,2
1194,85111071,127.11621,37.27402,3,43.229,2
1195,83895143,127.073364,37.27207,2,43.199,2
1196,84151220,127.08215,37.31402,3,43.131,2
1197,85431110,127.12736,37.300648,3,43.13,2
1198,88086802,127.22125,37.236904,2,43.108,2
1199,84967132,127.111015,37.29744,3,43.095,2
1200,85607080,127.133606,37.292103,2,43.095,2
1201,87286843,127.193085,37.23278,3,43.092,2
1202,84391214,127.09059,37.318104,3,43.057,2
1203,84679093,127.101,37.271717,3,43.056,2
1204,83863250,127.07197,37.31939,2,42.961,2
1205,85750993,127.138855,37.256966,3,42.93,2
1206,87302844,127.19364,37.233685,3,42.912,2
1207,86934726,127.18095,37.1701,2,42.896,2
1208,84679103,127.100975,37.276222,3,42.842,2
1209,84967113,127.11106,37.288876,2,42.832,2
1210,85735036,127.1382,37.27589,3,42.828,2
1211,87398844,127.197014,37.236397,3,42.809000000000005,2
1212,90022687,127.28945,37.23975,2,42.768,2
1213,86406958,127.16196,37.25974,3,42.755,2
1214,85031121,127.11329,37.294292,2,42.75,2
1215,83767153,127.06885,37.272957,2,42.744,2
1216,85975032,127.14664,37.280876,2,42.706,2
1217,86119001,127.15176,37.270973,2,42.65,2
1218,89062988,127.25527,37.348305,2,42.62799999999999,2
1219,84999164,127.11207,37.312767,3,42.540000000000006,2
1220,85159184,127.11764,37.326305,3,42.53999999999999,2
1221,86359018,127.16015,37.285423,3,42.514,2
1222,88182860,127.224525,37.26576,3,42.512,2
1223,83799274,127.06966,37.328396,3,42.475,2
1224,85543146,127.13122,37.320038,2,42.462,2
1225,85991031,127.1472,37.280876,2,42.392,2
1226,87814806,127.211685,37.23102,3,42.352,2
1227,85159191,127.11762,37.32946,3,42.337,2
1228,89078910,127.25595,37.313602,2,42.295,2
1229,85975042,127.146614,37.28538,3,42.294,2
1230,83943220,127.07485,37.308132,2,42.255,2
1231,87255071,127.191536,37.334633,2,42.211,2
1232,86823117,127.17626,37.343155,2,42.211,2
1233,86198990,127.15459,37.26828,3,42.183,2
1234,85111024,127.11632,37.25284,3,42.175,2
1235,85686675,127.13729,37.11183,3,42.154,2
1236,84887081,127.10833,37.27219,3,42.141,2
1237,84887154,127.108154,37.30509,3,42.132000000000005,2
1238,88998965,127.25306,37.33613,2,42.055,2
1239,84071257,127.079254,37.32843,2,42.045,2
1240,84007230,127.07707,37.31445,2,42.007000000000005,2
1241,90822566,127.31771,37.207798,2,42.0,2
1242,84519185,127.09516,37.308655,2,41.99,2
1243,83943080,127.0752,37.245037,2,41.971,2
1244,84183129,127.0835,37.27391,3,41.93,2
1245,85031108,127.11332,37.288433,3,41.921,2
1246,84663099,127.100426,37.273968,3,41.921,2
1247,87238858,127.19137,37.238182,2,41.913,2
1248,87430848,127.19813,37.2391,3,41.905,2
1249,85367148,127.12503,37.315964,3,41.878,2
1250,85415043,127.126945,37.269997,3,41.837,2
1251,84023238,127.077614,37.31851,2,41.832,2
1252,84391016,127.09108,37.228867,2,41.832,2
1253,83847243,127.07142,37.31578,3,41.789,2
1254,84567163,127.0969,37.300095,3,41.776,2
1255,86135056,127.15221,37.296215,2,41.76,2
1256,86694893,127.1722,37.238583,3,41.751000000000005,2
1257,84247079,127.08587,37.253185,2,41.73,2
1258,84919160,127.10927,37.3087,3,41.728,2
1259,85959026,127.14609,37.277718,2,41.701,2
1260,84935149,127.109856,37.304195,3,41.70099999999999,1
1261,91334485,127.33579,37.18574,2,41.688,1
1262,84471214,127.09341,37.320366,3,41.647,1
1263,85063020,127.11465,37.249676,2,41.63,1
1264,84839092,127.10661,37.27579,3,41.627,1
1265,86375006,127.160736,37.280464,2,41.624,1
1266,83975200,127.07603,37.300022,2,41.611,1
1267,85031178,127.11316,37.31998,2,41.589,1
1268,84887093,127.1083,37.2776,3,41.54,1
1269,85159120,127.11778,37.297462,2,41.522,1
1270,83527306,127.06002,37.335117,2,41.517,1
1271,84423246,127.091644,37.33343,2,41.511,1
1272,84007231,127.07707,37.3149,2,41.484,1
1273,84423219,127.091705,37.321262,3,41.481,1
1274,85047195,127.11368,37.328094,2,41.47,1
1275,85127079,127.11675,37.278076,3,41.405,1
1276,90198668,127.29566,37.236156,2,41.38,1
1277,86550912,127.16711,37.243076,2,41.38,1
1278,84903214,127.10858,37.332584,3,41.371,1
1279,85415174,127.126656,37.329037,2,41.368,1
1280,84471236,127.09335,37.33028,2,41.332,1
1281,86758714,127.1748,37.159718,3,41.33,1
1282,89014966,127.25362,37.337032,3,41.304,1
1283,84999198,127.111984,37.32809,3,41.291,1
1284,84295283,127.08705,37.346485,2,41.274,1
1285,90630483,127.31106,37.16497,2,41.265,1
1286,83559278,127.06122,37.323406,2,41.254000000000005,1
1287,88822977,127.24685,37.336567,2,41.242,1
1288,85127165,127.11656,37.316837,2,41.217,1
1289,85031157,127.113205,37.310516,3,41.21000000000001,1
1290,87942872,127.21607,37.264385,3,41.162,1
1291,85431043,127.12751,37.27045,3,41.099,1
1292,84422994,127.092255,37.219856,2,41.097,1
1293,90710617,127.31372,37.227623,2,41.049,1
1294,84695226,127.10124,37.33211,3,41.012,1
1295,90134655,127.29343,37.22849,2,40.997,1
1296,84614992,127.09899,37.224384,2,40.975,1
1297,84759066,127.10387,37.26181,3,40.963,1
1298,83767208,127.0687,37.297745,3,40.940000000000005,1
1299,84727039,127.10281,37.248737,3,40.935,1
1300,88902939,127.24972,37.3217,2,40.932,1
1301,85063072,127.114525,37.273113,3,40.88,1
1302,85062973,127.11475,37.228493,2,40.855,1
1303,84855028,127.10733,37.2474,3,40.852,1
1304,85255057,127.1213,37.271782,3,40.803,1
1305,84647099,127.09986,37.273514,3,40.799,1
1306,85559162,127.131744,37.3277,2,40.776,1
1307,84471230,127.09337,37.327576,2,40.776,1
1308,84087229,127.07989,37.31626,2,40.767,1
1309,87398965,127.19679,37.290928,2,40.74,1
1310,88086875,127.22113,37.269806,3,40.721,1
1311,85255071,127.12127,37.27809,2,40.718,1
1312,86518906,127.16599,37.239468,3,40.708,1
1313,84823092,127.10606,37.275337,3,40.702,1
1314,86279014,127.15735,37.281357,3,40.676,1
1315,87782925,127.21036,37.283752,3,40.664,1
1316,84327245,127.08827,37.33026,2,40.656,1
1317,87958816,127.21673,37.2396,3,40.612,1
1318,87238922,127.19125,37.26703,3,40.612,1
1319,85303105,127.12288,37.294773,3,40.6,1
1320,83703275,127.066284,37.32613,2,40.581,1
1321,85607120,127.13352,37.31013,3,40.578,1
1322,84935186,127.109764,37.32087,3,40.52,1
1323,84375202,127.090065,37.31224,2,40.508,1
1324,84935141,127.10987,37.30059,2,40.49,1
1325,88134826,127.22289,37.249077,2,40.49,1
1326,84295219,127.08721,37.31764,2,40.49,1
1327,85655029,127.13541,37.270473,3,40.488,1
1328,84855202,127.10692,37.32582,2,40.487,1
1329,87414848,127.19757,37.23865,3,40.482,1
1330,83799090,127.07013,37.24547,3,40.471,1
1331,87990868,127.217766,37.26394,2,40.456,1
1332,85527044,127.130875,37.273617,2,40.44799999999999,1
1333,87846808,127.21281,37.23283,2,40.446,1
1334,85303197,127.12267,37.336235,3,40.425,1
1335,83767207,127.0687,37.29729,3,40.398,1
1336,85319057,127.12355,37.273594,2,40.392,1
1337,85047162,127.113754,37.31322,2,40.372,1
1338,85926998,127.14502,37.264194,2,40.356,1
1339,84055199,127.078835,37.301838,2,40.32000000000001,1
1340,84423116,127.09196,37.27484,2,40.311,1
1341,84279006,127.08717,37.22119,2,40.27,1
1342,84967093,127.11111,37.27986,2,40.178,1
1343,84439124,127.0925,37.2789,2,40.172,1
1344,84455205,127.092865,37.315857,2,40.167,1
1345,88102870,127.221695,37.268005,2,40.138,1
1346,85319121,127.123405,37.302437,2,40.123,1
1347,84455261,127.09273,37.341095,2,40.115,1
1348,85527059,127.130844,37.280376,3,40.111,1
1349,84823040,127.10618,37.251904,3,40.099,1
1350,90454459,127.3049,37.149185,2,40.09,1
1351,87622725,127.205086,37.18909,3,40.089,1
1352,84967163,127.11095,37.31141,2,40.087,1
1353,85191065,127.11903,37.27358,3,40.076,1
1354,84967146,127.110985,37.30375,3,40.068,1
1355,84247127,127.085754,37.27482,2,40.012,1
1356,84775017,127.104546,37.24018,3,39.992,1
1357,84007225,127.07709,37.312195,2,39.94500000000001,1
1358,86614714,127.16975,37.155647,2,39.93300000000001,1
1359,85255107,127.121185,37.29432,3,39.906,1
1360,87478831,127.199844,37.232796,2,39.856,1
1361,84983208,127.111404,37.332146,2,39.841,1
1362,88327043,127.229294,37.352303,2,39.832,1
1363,87143099,127.187546,37.34409,2,39.832,1
1364,83831072,127.0713,37.238262,2,39.832,1
1365,87718739,127.208435,37.198116,2,39.831,1
1366,84983083,127.111694,37.275806,3,39.822,1
1367,84151222,127.082146,37.31492,3,39.82,1
1368,84455256,127.09274,37.33884,2,39.81,1
1369,83879248,127.07253,37.31894,2,39.801,1
1370,83575284,127.06177,37.32656,2,39.76,1
1371,84231082,127.085304,37.254086,3,39.726,1
1372,84359009,127.08997,37.224804,2,39.717,1
1373,84343218,127.0889,37.318546,3,39.712,1
1374,83703277,127.06628,37.32703,3,39.707,1
1375,84439222,127.09226,37.323067,2,39.671,1
1376,87430856,127.19811,37.242706,3,39.632000000000005,1
1377,84839110,127.106575,37.283905,3,39.605,1
1378,88246902,127.22671,37.286495,2,39.568,1
1379,84823051,127.10615,37.25686,3,39.534,1
1380,86534944,127.16648,37.257046,2,39.522,1
1381,84887020,127.10847,37.244698,3,39.504,1
1382,84279223,127.08664,37.31899,3,39.467,1
1383,85383121,127.12565,37.30425,3,39.46,1
1384,86055059,127.14939,37.295307,3,39.423,1
1385,92118406,127.36342,37.172253,2,39.38,1
1386,84503205,127.09455,37.317215,3,39.356,1
1387,84167078,127.08307,37.250473,3,39.325,1
1388,84519241,127.095024,37.333893,2,39.277,1
1389,84615218,127.09845,37.32624,2,39.245,1
1390,84903020,127.10903,37.24515,3,39.182,1
1391,84935084,127.11001,37.274902,3,39.122,1
1392,83847202,127.071526,37.297302,2,39.087,1
1393,88534792,127.23701,37.245056,2,39.072,1
1394,85798979,127.14057,37.25201,2,39.072,1
1395,86294709,127.15853,37.14435,2,39.06,1
1396,84839072,127.10667,37.266777,3,39.052,1
1397,85270992,127.12201,37.24294,3,39.048,1
1398,87910924,127.21486,37.28692,2,39.017,1
1399,87318843,127.19421,37.233685,2,39.010000000000005,1
1400,87814815,127.21167,37.23508,3,38.994,1
1401,84391226,127.09057,37.32351,2,38.878,1
1402,84247263,127.08542,37.336113,2,38.87,1
1403,85191122,127.118904,37.299267,2,38.84,1
1404,86790713,127.17592,37.16017,2,38.84,1
1405,84823039,127.10618,37.251453,2,38.84,1
1406,86230995,127.1557,37.27144,2,38.83,1
1407,85127035,127.11686,37.258247,2,38.78999999999999,1
1408,84871221,127.10744,37.334835,2,38.784000000000006,1
1409,86262709,127.15741,37.143444,2,38.72,1
1410,85254688,127.12213,37.105476,3,38.712,1
1411,84455220,127.09283,37.322617,3,38.71,1
1412,84711103,127.1021,37.27713,3,38.687,1
1413,86375012,127.16073,37.28317,2,38.667,1
1414,83895221,127.073166,37.307224,2,38.633,1
1415,84935096,127.10998,37.280308,3,38.624,1
1416,86646714,127.17087,37.15655,2,38.599,1
1417,84871084,127.10776,37.27309,3,38.593,1
1418,86598941,127.16873,37.257504,2,38.557,1
1419,84743019,127.10342,37.240177,2,38.53,1
1420,86167017,127.15341,37.279545,3,38.526,1
1421,85686984,127.13663,37.2511,2,38.52,1
1422,87846839,127.21275,37.2468,2,38.52,1
1423,84183196,127.083336,37.304104,2,38.434,1
1424,86870708,127.178734,37.16018,2,38.433,1
1425,87846906,127.21264,37.276997,2,38.389,1
1426,88390869,127.23182,37.275692,3,38.370000000000005,1
1427,89190715,127.26017,37.228878,2,38.370000000000005,1
1428,86694897,127.172195,37.240387,3,38.368,1
1429,85143187,127.11707,37.327206,2,38.364,1
1430,87110860,127.18687,37.235466,2,38.351,1
1431,85415116,127.126785,37.3029,2,38.346,1
1432,84167241,127.082664,37.323933,3,38.346,1
1433,88230831,127.22626,37.254044,2,38.314,1
1434,85943030,127.145515,37.279068,2,38.309,1
1435,84951200,127.1103,37.327633,2,38.301,1
1436,87814808,127.211685,37.231926,3,38.3,1
1437,85271107,127.12175,37.29477,3,38.292,1
1438,87526609,127.20193,37.134098,2,38.290000000000006,1
1439,85639114,127.13466,37.30833,2,38.28,1
1440,84743038,127.10337,37.248737,3,38.222,1
1441,92374406,127.37242,37.179474,2,38.179,1
1442,85783027,127.1399,37.273193,3,38.156,1
1443,84935085,127.11,37.275352,3,38.152,1
1444,88022826,127.21896,37.245914,2,38.106,1
1445,84903019,127.10903,37.2447,2,38.1,1
1446,86758694,127.174835,37.150703,2,38.08,1
1447,84327252,127.08826,37.333416,2,38.038,1
1448,84551087,127.09652,37.265392,2,38.022,1
1449,92230411,127.367355,37.177666,2,38.02,1
1450,84375118,127.09027,37.274384,2,38.02,1
1451,84839071,127.10667,37.266327,2,38.008,1
1452,84551208,127.09623,37.319923,3,37.996,1
1453,85495042,127.12976,37.27181,2,37.947,1
1454,84999089,127.112236,37.278965,3,37.912000000000006,1
1455,88246829,127.22683,37.253593,2,37.908,1
1456,85078958,127.11535,37.222187,2,37.897,1
1457,87510835,127.20096,37.235504,2,37.85,1
1458,83863086,127.07239,37.245476,2,37.822,1
1459,86455004,127.16355,37.281826,2,37.819,1
1460,83799324,127.06953,37.35093,2,37.776,1
1461,84727237,127.10234,37.337975,2,37.739,1
1462,85687115,127.136345,37.31014,2,37.7,1
1463,86727095,127.17293,37.33053,2,37.68,1
1464,85959055,127.14603,37.29079,2,37.67999999999999,1
1465,84855084,127.10719,37.27264,2,37.638,1
1466,87814680,127.21191,37.174236,2,37.58200000000001,1
1467,85719003,127.13771,37.260567,2,37.58,1
1468,84055140,127.07899,37.275246,3,37.572,1
1469,84103140,127.080666,37.276604,2,37.572,1
1470,87222865,127.190796,37.240887,2,37.546,1
1471,85431048,127.1275,37.272705,3,37.521,1
1472,85207077,127.11957,37.279438,2,37.521,1
1473,86790709,127.17593,37.158367,2,37.515,1
1474,87350848,127.19532,37.236843,3,37.502,1
1475,84951199,127.1103,37.327183,3,37.487,1
1476,86678891,127.171646,37.23723,3,37.477,1
1477,85143070,127.11734,37.274475,3,37.444,1
1478,86982858,127.18238,37.23095,3,37.418,1
1479,86918841,127.18017,37.221478,2,37.397000000000006,1
1480,84055255,127.0787,37.327076,2,37.373000000000005,1
1481,86087010,127.15061,37.274128,2,37.368,1
1482,86439012,127.16297,37.28498,3,37.364,1
1483,83863087,127.07238,37.245926,3,37.304,1
1484,84934995,127.110214,37.23479,2,37.303,1
1485,87991066,127.21743,37.353176,3,37.27,1
1486,84327078,127.088684,37.254997,3,37.242,1
1487,84775101,127.10435,37.278038,2,37.149,1
1488,83927140,127.07449,37.271626,3,37.134,1
1489,87942807,127.21619,37.235092,2,37.119,1
1490,86054720,127.15009,37.14252,2,37.117,1
1491,85063192,127.11425,37.327194,2,37.105,1
1492,85079105,127.11501,37.288437,3,37.002,1
1493,85415146,127.12672,37.316418,2,36.944,1
1494,83911235,127.07369,37.313988,2,36.878,1
1495,87942879,127.216064,37.26754,3,36.869,1
1496,86198980,127.15461,37.26377,2,36.864,1
1497,85079075,127.11508,37.274918,3,36.831,1
1498,88886973,127.24911,37.33657,3,36.768,1
1499,84167087,127.083046,37.254528,3,36.747,1
1500,85767100,127.13918,37.30564,2,36.724,1
1501,84854988,127.10742,37.22937,2,36.702,1
1502,83751070,127.0685,37.235096,3,36.696,1
1503,83607257,127.06296,37.3153,2,36.691,1
1504,88310875,127.229004,37.276134,3,36.678,1
1505,84711214,127.10184,37.327156,3,36.67,1
1506,84823099,127.10604,37.278492,3,36.661,1
1507,86087025,127.15058,37.280888,2,36.625,1
1508,85207108,127.1195,37.29341,2,36.61,1
1509,88918958,127.25025,37.330715,3,36.607,1
1510,85159078,127.11788,37.278534,2,36.601,1
1511,88934947,127.25083,37.32621,2,36.568,1
1512,87062863,127.18518,37.235462,3,36.549,1
1513,84215127,127.08463,37.273914,2,36.547,1
1514,84023249,127.07758,37.323463,2,36.513000000000005,1
1515,84039242,127.07816,37.320763,2,36.472,1
1516,84935087,127.11,37.276253,2,36.468,1
1517,85015191,127.112564,37.325386,2,36.468,1
1518,86679116,127.1712,37.338634,2,36.465,1
1519,85062964,127.11478,37.224438,2,36.456,1
1520,84423096,127.092,37.265827,3,36.454,1
1521,84231226,127.084946,37.318985,2,36.349,1
1522,87174847,127.18914,37.23142,3,36.293,1
1523,86279011,127.15736,37.280006,3,36.288,1
1524,89334718,127.26523,37.2343,2,36.279,1
1525,84471221,127.09338,37.32352,2,36.269000000000005,1
1526,85814986,127.14111,37.25562,3,36.206,1
1527,86199021,127.154526,37.28225,3,36.178,1
1528,85879038,127.14325,37.280865,2,36.168,1
1529,86662872,127.17112,37.228214,2,36.126000000000005,1
1530,83751207,127.068146,37.29684,3,36.11,1
1531,85399098,127.12627,37.294334,2,36.097,1
1532,85207174,127.11935,37.323154,2,36.086,1
1533,84887207,127.10803,37.32898,2,36.07,1
1534,84535222,127.095634,37.325783,2,36.036,1
1535,85367179,127.12496,37.329933,2,36.025000000000006,1
1536,84039227,127.0782,37.314003,2,35.982,1
1537,84167128,127.08295,37.273006,2,35.964,1
1538,87654729,127.20621,37.1918,2,35.953,1
1539,84471273,127.09326,37.346954,2,35.94,1
1540,88950811,127.251595,37.265366,2,35.879999999999995,1
1541,87782681,127.21078,37.173782,2,35.875,1
1542,84055230,127.07876,37.315807,2,35.875,1
1543,85175189,127.118195,37.32901,2,35.84,1
1544,85303196,127.12267,37.335785,2,35.83800000000001,1
1545,84823074,127.106094,37.267227,3,35.831,1
1546,85495038,127.12977,37.270008,3,35.802,1
1547,87510834,127.200966,37.235054,3,35.795,1
1548,84263209,127.08611,37.31223,2,35.782,1
1549,84407182,127.09123,37.304134,2,35.764,1
1550,84887091,127.10831,37.2767,3,35.76,1
1551,86150989,127.15291,37.26647,2,35.728,1
1552,89222978,127.26092,37.348316,2,35.717,1
1553,87238851,127.19138,37.235027,3,35.615,1
1554,84871153,127.1076,37.304188,3,35.544,1
1555,88470712,127.23488,37.20719,3,35.489999999999995,1
1556,86183027,127.15395,37.284504,3,35.47,1
1557,85047092,127.113914,37.281673,3,35.468,1
1558,84791084,127.10495,37.27083,3,35.25,1
1559,87318848,127.1942,37.23594,3,35.195,1
1560,85703020,127.13711,37.267776,3,35.144,1
1561,88102554,127.22222,37.125584,3,34.74,1
1562,88902962,127.24968,37.332066,3,34.47,1
1563,84935089,127.10999,37.277153,3,34.295,1
1564,89670744,127.277,37.2555,3,33.781000000000006,1
1565,91446406,127.339806,37.153294,3,33.583,1
1566,85175069,127.11846,37.27493,3,33.528,1
1567,87574826,127.203224,37.233257,3,33.46,1
1568,84455094,127.09313,37.26583,3,33.4,1
1569,84807070,127.105545,37.264973,3,33.21,1
1570,87846891,127.21267,37.270237,3,33.086,1
1571,85063093,127.11448,37.282578,3,32.461,1
1572,87878672,127.214165,37.17244,3,32.29,1
1573,87782734,127.210686,37.19767,3,32.29,1
1574,85222959,127.1204,37.22671,3,32.069,1
1575,86839118,127.17683,37.34406,3,32.008,1
