cell_id,cell_xcrd,cell_ycrd,overlap,person_cnt
86503006,127.16524,37.284084,3,255.975
86374994,127.16076,37.27506,2,174.924
83511270,127.059555,37.318443,3,162.099
85047108,127.113884,37.288887,1,156.7
84471258,127.0933,37.340195,3,150.741
83943044,127.075294,37.22881,3,140.64100000000002
84567237,127.09672,37.333447,3,135.954
85159177,127.11765,37.32315,3,134.176
84087216,127.07992,37.310402,3,128.81400000000002
83895245,127.073105,37.31804,3,127.62300000000002
85111182,127.11596,37.324047,3,127.386
90902570,127.32052,37.211857,3,126.936
84311190,127.087845,37.305023,3,126.93099999999998
89910687,127.285515,37.236588,3,123.71699999999998
85159024,127.118004,37.254196,3,122.16400000000002
83895264,127.07305,37.326603,3,121.342
83895244,127.073105,37.31759,3,120.267
85191015,127.11915,37.251045,2,119.465
87942919,127.215996,37.28557,2,119.115
85943027,127.14552,37.277718,3,119.039
86582917,127.16822,37.246235,1,116.616
87286857,127.193054,37.23909,3,115.864
93254247,127.40346,37.13263,2,115.75
86295015,127.15791,37.28226,3,115.18
84663249,127.10007,37.34157,3,115.117
90694539,127.31324,37.192017,2,115.072
84583245,127.09726,37.337505,3,111.66
92854286,127.38937,37.138927,3,111.518
87478830,127.199844,37.232346,3,111.505
90742560,127.3149,37.202835,3,109.88
85319106,127.123436,37.295677,3,109.447
84679225,127.100685,37.331207,3,109.44
84119206,127.08106,37.3068,3,108.65200000000002
86039033,127.14888,37.283134,3,108.633
85575168,127.13229,37.33086,3,108.514
83527278,127.0601,37.3225,3,108.307
86614899,127.16938,37.239025,3,107.804
84023228,127.07764,37.314,3,107.385
86742894,127.17388,37.24039,3,106.254
90262644,127.297935,37.227146,3,105.34
84215205,127.084435,37.309067,3,105.339
84103226,127.08045,37.31536,3,105.125
84631234,127.098976,37.333904,3,105.124
86231005,127.155685,37.275944,3,105.028
84967166,127.11094,37.312763,3,105.007
84007226,127.07708,37.312645,3,104.931
84855100,127.10716,37.27985,3,104.775
83735216,127.06756,37.30044,3,103.246
83895219,127.073166,37.306324,3,103.246
86278991,127.157394,37.270992,3,102.94500000000002
84679091,127.101006,37.270813,3,102.387
86007003,127.14782,37.26871,3,102.268
83287316,127.05157,37.332832,3,100.872
87958884,127.21661,37.27025,3,100.775
84359252,127.08938,37.334324,3,100.472
83671250,127.06522,37.313957,3,100.185
85383095,127.12571,37.29253,3,100.15200000000002
87718729,127.20845,37.193607,3,99.935
83623269,127.06349,37.32116,3,99.787
85239096,127.12065,37.288906,3,99.682
83591253,127.06241,37.313046,3,99.351
83703250,127.066345,37.31486,3,99.1
84567214,127.09678,37.323082,3,98.967
90934480,127.32174,37.1722,3,98.892
85031189,127.11313,37.32494,3,98.064
84071038,127.0798,37.22973,3,97.888
86279010,127.15736,37.279556,3,97.306
91014535,127.32449,37.199245,2,97.155
84023198,127.07771,37.30048,3,97.012
84343258,127.0888,37.336575,3,96.228
83895153,127.07333,37.276577,3,96.057
87142750,127.188194,37.186794,3,95.725
85479055,127.129166,37.277218,3,95.455
84551216,127.09621,37.32353,3,95.088
88006801,127.21844,37.234196,3,94.971
84503096,127.09481,37.26809,3,94.959
84471195,127.09345,37.311802,3,94.906
85847046,127.14211,37.283566,3,94.353
84375196,127.09008,37.309536,3,94.177
83927060,127.07469,37.23557,3,94.133
84967187,127.110886,37.322227,3,93.962
84967125,127.11103,37.294285,3,93.801
85223097,127.12009,37.288906,3,93.639
87222855,127.19081,37.236378,3,93.63
85894736,127.144455,37.145206,3,93.554
86183052,127.1539,37.29577,3,93.127
84487253,127.09387,37.338394,3,92.856
84375245,127.08996,37.33162,3,92.822
84375197,127.09007,37.30999,3,92.733
84983131,127.11158,37.29744,3,92.701
84983120,127.1116,37.292484,3,92.621
84839108,127.106575,37.283,3,92.414
84055250,127.078705,37.32482,2,92.25
87606733,127.20451,37.192245,3,92.09
85431060,127.12747,37.27811,3,91.898
84599173,127.098,37.305508,3,91.686
84151234,127.082115,37.320328,3,91.5
89334699,127.26525,37.225735,2,91.443
84967202,127.110855,37.328987,3,91.402
85431116,127.12735,37.303352,3,91.249
89910685,127.285515,37.235687,3,91.22
83975238,127.07593,37.31715,3,91.182
83991226,127.07652,37.312195,3,91.003
82999397,127.04124,37.361187,3,90.944
85079026,127.1152,37.252834,3,90.7
83879240,127.072556,37.315334,3,90.67000000000002
88103055,127.22139,37.351383,3,90.58
88374801,127.23137,37.24459,3,90.303
87814875,127.21157,37.262123,3,90.17399999999998
85079200,127.11479,37.331253,3,89.993
85015175,127.1126,37.318176,3,89.928
84039254,127.07813,37.32617,3,89.901
88902964,127.24968,37.33297,3,89.7
84391184,127.09067,37.30458,3,89.60000000000001
84183215,127.08329,37.312668,3,89.56800000000001
84423221,127.091705,37.322163,3,89.344
85911051,127.14435,37.28763,3,89.32499999999999
90758544,127.31549,37.196075,3,89.25
85063175,127.11429,37.319534,3,89.17500000000001
84487218,127.093956,37.32262,3,89.033
87430903,127.19803,37.26389,3,88.935
84471251,127.093315,37.33704,3,88.9
84887114,127.10825,37.287064,3,88.851
86886851,127.17902,37.225082,3,88.805
88726964,127.24349,37.327995,3,88.78
87974810,127.2173,37.237347,3,88.74000000000001
83991199,127.07659,37.300026,3,88.475
85207013,127.11971,37.250595,3,88.43
86550918,127.16709,37.24578,3,88.36500000000001
88262855,127.22735,37.265766,3,88.251
85527053,127.13086,37.27767,3,88.21799999999999
85926978,127.145065,37.25518,3,87.696
87478837,127.19984,37.2355,3,87.384
83911060,127.074135,37.235115,3,87.32400000000001
85191008,127.11916,37.24789,3,87.303
85047204,127.11366,37.332153,3,87.25999999999999
87654896,127.20591,37.267067,3,87.22700000000002
87238863,127.19136,37.240437,3,87.096
84967140,127.111,37.301044,3,86.83600000000001
83671283,127.06514,37.328827,3,86.778
87206866,127.19023,37.240887,3,86.765
86167044,127.15335,37.29171,3,86.726
84999196,127.11199,37.327187,3,86.584
84423271,127.09158,37.344696,3,86.381
86215008,127.15511,37.276844,3,86.273
84231187,127.085045,37.301407,3,86.26400000000001
88518823,127.2364,37.258575,3,86.04899999999999
83847247,127.07141,37.317585,3,85.971
83815252,127.070274,37.31893,3,85.947
88326820,127.22965,37.251797,3,85.88
84151145,127.08234,37.280216,3,85.74
83911223,127.07372,37.30858,3,85.558
85207012,127.11972,37.250145,3,85.46
85575173,127.13228,37.33311,3,85.34800000000001
85959035,127.146065,37.281776,3,85.34
88086900,127.221085,37.281075,3,85.28399999999999
84663054,127.10053,37.253685,3,85.125
84039211,127.07825,37.306793,3,85.09899999999999
87542827,127.2021,37.232803,3,85.029
86695074,127.171844,37.32016,3,84.92
84455201,127.09287,37.314053,3,84.881
87462831,127.19928,37.232346,3,84.845
85159100,127.11783,37.28845,3,84.651
84935148,127.109856,37.303745,3,84.559
84567230,127.09674,37.33029,3,84.54599999999999
84343100,127.08919,37.265366,3,84.408
86823112,127.17627,37.340904,3,84.388
86006994,127.14784,37.264652,3,84.386
89718672,127.278786,37.224407,3,84.18900000000001
83735275,127.067406,37.327034,3,84.018
84119198,127.081085,37.303196,3,83.841
84087210,127.07993,37.307697,3,83.821
84247249,127.08545,37.329803,3,83.74000000000001
85399191,127.12605,37.336246,2,83.664
85207177,127.11934,37.32451,3,83.593
84183084,127.08362,37.253628,3,83.05799999999999
84375276,127.08988,37.345592,3,82.976
85287193,127.122116,37.33398,3,82.94200000000001
84775228,127.10405,37.335274,3,82.74199999999999
84471231,127.09336,37.328026,3,82.676
85607031,127.13371,37.27002,2,82.60499999999999
83879154,127.07277,37.276577,3,82.485
84999101,127.11221,37.284374,3,82.29599999999999
88982990,127.25246,37.346947,3,82.232
88182895,127.22447,37.281532,3,82.213
85447125,127.12789,37.30786,3,82.155
86502923,127.1654,37.246677,3,82.154
84183221,127.083275,37.315372,3,82.106
87958868,127.216644,37.263035,3,81.263
84103200,127.08052,37.303646,3,80.96199999999999
84711225,127.10181,37.33211,3,80.884
86951083,127.180824,37.33145,3,80.875
84887106,127.10827,37.28346,3,80.84
87542826,127.2021,37.232353,3,80.745
84103209,127.0805,37.3077,2,80.704
84215207,127.084435,37.309967,3,80.606
84951206,127.11028,37.330338,3,80.39
87478829,127.19985,37.231895,3,80.304
87942884,127.21605,37.269794,3,80.26
87958791,127.216774,37.228333,3,80.18199999999999
84327207,127.08836,37.313137,3,80.172
84743006,127.10345,37.234318,3,80.16400000000002
84855222,127.10687,37.334835,3,80.103
87206855,127.19025,37.235928,2,79.97999999999999
85718999,127.13772,37.258762,3,79.895
84823076,127.106094,37.268127,3,79.755
83943267,127.07473,37.329315,3,79.512
84167215,127.082726,37.312218,3,79.443
84871088,127.10775,37.274895,3,79.424
84551241,127.096146,37.334797,2,79.32000000000001
85367116,127.1251,37.30154,3,79.17099999999999
84007199,127.07715,37.30048,3,79.144
84391014,127.09108,37.227966,2,79.067
85958951,127.14625,37.243916,3,78.54
84055205,127.07882,37.30454,3,78.47
84855107,127.10714,37.283005,3,78.36
86310999,127.1585,37.2755,3,78.35900000000001
88982899,127.252594,37.30593,3,78.262
90262653,127.29793,37.2312,2,77.909
84375275,127.08988,37.345142,3,77.73599999999999
86039025,127.148895,37.27953,3,77.582
83671308,127.06507,37.340096,3,77.513
91062516,127.3262,37.192036,3,77.484
88950980,127.25134,37.341534,3,77.429
84695240,127.10121,37.33842,3,77.35300000000001
87942820,127.21616,37.24095,3,77.292
86103057,127.15108,37.29576,3,77.276
84487195,127.09401,37.312256,1,77.19
85767027,127.13934,37.27274,3,77.03999999999999
83783157,127.0694,37.27521,3,77.004
87462839,127.19927,37.23595,3,76.93100000000001
85287179,127.12215,37.32767,3,76.88
84375200,127.090065,37.31134,2,76.828
83799202,127.06984,37.295944,3,76.656
84951117,127.11049,37.290226,3,76.636
86550916,127.1671,37.244877,3,76.608
83975148,127.07616,37.27659,3,76.375
85063186,127.114265,37.324493,3,76.364
85255193,127.120995,37.333076,2,76.364
87318849,127.19419,37.23639,3,76.209
84407231,127.09112,37.326218,3,76.041
86726705,127.17369,37.154755,3,76.018
84823227,127.105736,37.33618,3,75.898
84535095,127.09594,37.268543,3,75.733
84039058,127.07863,37.237835,3,75.6
83591256,127.0624,37.314396,3,75.557
85527100,127.13075,37.298855,3,75.53200000000001
85447058,127.12804,37.277664,3,75.185
88854675,127.24843,37.201363,3,75.05999999999999
85494991,127.129875,37.248825,3,74.97
85750995,127.13885,37.257866,3,74.964
85399093,127.126274,37.29208,3,74.904
87798816,127.21111,37.235077,3,74.696
84855223,127.10687,37.335285,3,74.643
85239174,127.120476,37.324062,3,74.44399999999999
87942917,127.215996,37.284668,3,74.429
88918972,127.25023,37.337025,3,74.405
87942823,127.216156,37.242302,3,74.263
84967205,127.11085,37.33034,3,74.129
85015205,127.11253,37.331696,2,74.05499999999999
86854807,127.177986,37.204346,3,73.984
84071246,127.07928,37.32347,3,73.92
85079174,127.11485,37.319534,3,73.908
87702830,127.20771,37.238674,3,73.90700000000001
87046793,127.184746,37.20346,3,73.865
87910798,127.21507,37.23013,3,73.723
83783205,127.069275,37.296844,3,73.69200000000001
83527316,127.06,37.339626,3,73.44
84567254,127.09668,37.34111,3,73.433
84903091,127.108864,37.27715,3,73.304
84071202,127.07939,37.303642,3,73.29599999999999
84583204,127.09736,37.319027,3,73.25200000000001
87494833,127.2004,37.23415,3,73.242
84823224,127.10574,37.33483,3,73.049
87398838,127.19702,37.233692,2,72.99799999999999
84871098,127.10773,37.2794,3,72.756
87814868,127.211586,37.25897,3,72.72
84263226,127.08607,37.31989,3,72.576
86583005,127.168045,37.285896,2,72.53999999999999
83943145,127.07504,37.27433,3,72.53200000000001
86630714,127.1703,37.156097,3,72.487
83735272,127.06741,37.325684,3,72.477
83799275,127.06966,37.328846,3,72.46900000000001
87414849,127.19756,37.2391,3,72.348
86262979,127.15686,37.26513,3,72.328
86726716,127.17367,37.159714,3,72.275
86039026,127.148895,37.27998,3,72.081
91142614,127.32891,37.23846,2,71.916
85975064,127.14657,37.295296,3,71.83
83735264,127.06744,37.322075,3,71.75
84663252,127.10006,37.342922,3,71.658
86007025,127.14777,37.278625,3,71.63900000000001
85510782,127.13089,37.155083,3,71.4
88230827,127.226265,37.252243,3,71.372
86791114,127.17514,37.3409,3,71.356
84503219,127.09451,37.323524,3,71.316
87830892,127.212105,37.270237,3,71.289
84103198,127.08052,37.302742,3,71.148
83895235,127.07313,37.313534,3,70.826
86951110,127.18078,37.34362,3,70.813
88182881,127.224495,37.275223,2,70.81299999999999
83719261,127.06688,37.32027,3,70.67500000000001
86886744,127.17923,37.176857,3,70.66199999999999
83927194,127.074356,37.29596,3,70.63799999999999
86327011,127.15904,37.28136,3,70.53
87430837,127.19815,37.234146,3,70.449
85223189,127.11988,37.330368,3,70.424
85222958,127.1204,37.22626,3,70.38
84903090,127.108864,37.2767,3,70.36
86518881,127.166046,37.2282,3,70.346
85671024,127.13598,37.268673,3,70.266
85367006,127.12534,37.251965,3,70.193
87478890,127.19974,37.259388,3,70.148
83655215,127.06476,37.29773,3,70.082
83751250,127.06803,37.31622,3,70.07499999999999
85094952,127.11592,37.219936,3,70.01
86694892,127.1722,37.238132,3,70.00999999999999
85895006,127.14388,37.266895,3,69.965
86278976,127.157425,37.264233,3,69.94
90086602,127.2918,37.203247,2,69.808
84823064,127.10612,37.26272,3,69.741
85063198,127.114235,37.3299,3,69.72300000000001
85799002,127.14052,37.26238,3,69.544
87654735,127.20619,37.194504,3,69.52
87366633,127.196266,37.140392,3,69.52
84231199,127.085014,37.306816,3,69.488
89830690,127.2827,37.235683,3,69.374
85079135,127.114944,37.30196,2,69.344
84839029,127.106766,37.2474,3,69.30799999999999
86630716,127.1703,37.157,3,69.253
86199043,127.15448,37.292168,3,69.216
88630884,127.240234,37.28923,2,69.184
87958894,127.2166,37.274754,2,69.15
84375215,127.090034,37.3181,3,69.103
84087042,127.08035,37.231983,3,69.061
92326377,127.37075,37.16505,2,68.936
83767089,127.06901,37.24411,3,68.864
83911145,127.07392,37.273426,3,68.839
85399096,127.12627,37.29343,3,68.833
87702789,127.20779,37.220196,3,68.833
89014710,127.25399,37.221653,2,68.824
86279020,127.15734,37.28406,3,68.811
91126510,127.32845,37.19114,2,68.775
87958812,127.216736,37.237797,3,68.68
85750998,127.13884,37.259216,3,68.643
85175115,127.11836,37.295662,3,68.64
85303102,127.12289,37.293423,3,68.58399999999999
84215201,127.08445,37.307262,3,68.577
84343074,127.08926,37.253647,3,68.482
90646623,127.31146,37.22852,3,68.41499999999999
86551002,127.16693,37.283638,3,68.39500000000001
84983035,127.1118,37.254173,3,68.368
85415122,127.12677,37.305603,3,68.357
85015021,127.11296,37.24877,3,68.348
84935093,127.109985,37.278957,3,68.324
82807429,127.03441,37.370174,3,68.208
84663218,127.100136,37.3276,3,68.19
88966936,127.251976,37.322155,3,68.187
88918960,127.25025,37.331615,3,68.172
88982970,127.25249,37.337933,3,68.172
85063106,127.11445,37.288437,3,68.158
85687023,127.13654,37.268677,3,68.144
85095032,127.11574,37.25599,3,68.106
87622733,127.20507,37.1927,3,67.965
85062958,127.114784,37.221733,3,67.767
84887197,127.108055,37.32447,3,67.69800000000001
87926859,127.21553,37.258076,3,67.60300000000001
84167228,127.082695,37.318073,3,67.506
85207175,127.11935,37.32361,3,67.422
83767275,127.068535,37.327938,3,67.289
87270852,127.192505,37.236385,3,67.186
83991040,127.07699,37.228367,3,67.1
84855159,127.10702,37.30644,3,67.098
83911268,127.07361,37.328857,3,66.908
86199025,127.15452,37.284054,3,66.858
87382931,127.1963,37.275154,3,66.744
84983034,127.11181,37.253723,2,66.723
84263201,127.086136,37.30862,3,66.678
84855200,127.106926,37.324917,3,66.672
84455262,127.09273,37.341545,3,66.661
85910623,127.14525,37.09473,3,66.64
83751246,127.06805,37.314415,2,66.625
85719036,127.137634,37.27544,3,66.616
85079030,127.11518,37.254635,3,66.576
87750864,127.20934,37.255356,2,66.538
86167047,127.15335,37.293064,3,66.304
84327191,127.0884,37.305927,3,66.254
87430833,127.19816,37.23234,3,66.205
84439233,127.09223,37.328022,3,66.105
87814804,127.21169,37.23012,3,66.084
83991227,127.076515,37.312645,3,66.048
86694717,127.17255,37.15926,3,65.922
85254993,127.121445,37.24294,3,65.908
85991029,127.1472,37.279976,2,65.86500000000001
89350946,127.26547,37.33751,3,65.83
84903050,127.10896,37.25867,3,65.78999999999999
85639025,127.13485,37.26822,3,65.77199999999999
87222856,127.19081,37.23683,3,65.766
84647247,127.09951,37.340218,2,65.685
86199030,127.15451,37.28631,3,65.664
88998982,127.25303,37.343792,3,65.62
84583242,127.09727,37.33615,3,65.61
84391183,127.09067,37.30413,3,65.482
87366841,127.19589,37.23414,3,65.47999999999999
84695232,127.10123,37.334816,2,65.45599999999999
86774750,127.175285,37.176395,3,65.34
90614641,127.31032,37.23573,2,65.229
84135185,127.08168,37.29779,2,65.208
87462837,127.19927,37.23505,3,65.11
87894591,127.21487,37.136383,3,65.093
85495084,127.12967,37.290737,3,65.088
85063027,127.11463,37.25283,3,65.076
83847084,127.07183,37.24412,3,65.064
88822738,127.24721,37.22885,3,65.05199999999999
83671257,127.06521,37.317112,3,64.96000000000001
87510831,127.200966,37.2337,3,64.926
84727240,127.10233,37.339325,3,64.785
84583254,127.097244,37.34156,3,64.71
89142982,127.2581,37.34786,3,64.7
83543261,127.06071,37.315292,3,64.686
84791093,127.10493,37.274883,3,64.672
92838321,127.38879,37.15425,2,64.65
87414850,127.19756,37.23955,3,64.619
85159175,127.11766,37.32225,3,64.604
84903097,127.10885,37.279854,3,64.6
84279192,127.086716,37.30502,3,64.595
87846548,127.21325,37.115646,3,64.58099999999999
84903198,127.10861,37.325375,3,64.512
85687022,127.13654,37.268227,3,64.48
83815087,127.0707,37.244568,3,64.465
90806640,127.31707,37.2407,2,64.4
85143176,127.117096,37.322247,3,64.304
86550919,127.16709,37.24623,2,64.288
83831271,127.070786,37.327946,3,64.232
86695118,127.17176,37.33999,3,64.231
85783111,127.139725,37.31105,3,64.215
88470912,127.234566,37.29733,3,64.19
84983204,127.11141,37.33034,3,64.168
90646632,127.311455,37.23258,2,64.155
85527123,127.13071,37.30922,3,64.125
86375020,127.16071,37.286774,2,64.09
85399185,127.12607,37.33354,3,64.082
84887199,127.10805,37.32537,3,64.053
85079080,127.11507,37.277172,3,64.011
87686894,127.20704,37.267067,3,63.984
84455197,127.09288,37.312252,2,63.898
84935057,127.11007,37.262733,3,63.801
86151063,127.152756,37.299824,3,63.696
87542844,127.20207,37.240463,2,63.67399999999999
84375256,127.08993,37.33658,3,63.650000000000006
84663214,127.10015,37.325798,3,63.644000000000005
84167203,127.082756,37.30681,3,63.577000000000005
86279008,127.157364,37.278652,3,63.485
87958920,127.21655,37.286472,3,63.412000000000006
86167033,127.15337,37.286755,3,63.36
87063100,127.18473,37.342278,3,63.359
84967116,127.11105,37.29023,3,63.325
85143020,127.117455,37.25194,2,63.30800000000001
84087208,127.07993,37.306797,3,63.3
86918876,127.1801,37.23725,3,63.154
83767270,127.06854,37.325687,3,63.117
84823075,127.106094,37.267677,3,63.099
84519070,127.095436,37.256824,3,63.085
83767070,127.06906,37.23555,3,63.056
84951210,127.110275,37.33214,3,63.047
84855097,127.10716,37.278496,3,63.035
85175183,127.1182,37.326305,3,62.99400000000001
83943045,127.075294,37.22926,3,62.989
83735085,127.067894,37.2414,3,62.80200000000001
87366848,127.195885,37.237293,2,62.764
84391232,127.09055,37.326214,3,62.69799999999999
84439199,127.092316,37.3127,2,62.689
84951168,127.110374,37.313213,3,62.657
87494835,127.2004,37.23505,2,62.643
87974701,127.21748,37.18822,2,62.64000000000001
84871159,127.10758,37.306892,2,62.64
84550987,127.09676,37.22032,2,62.592
93238248,127.40289,37.13263,3,62.592
84935209,127.10971,37.331238,3,62.536
83831279,127.07077,37.331554,3,62.512
87094856,127.18632,37.23321,3,62.445
86390987,127.16134,37.272354,2,62.370000000000005
84519225,127.09506,37.32668,3,62.339
85991010,127.14725,37.27141,3,62.269000000000005
83991236,127.07649,37.3167,2,62.221
86167009,127.15343,37.275936,3,62.186
84951116,127.11049,37.289776,3,62.13
85750997,127.13885,37.258766,3,62.118
84423117,127.09196,37.27529,3,62.117
84183024,127.08376,37.226585,3,62.11
87430845,127.198135,37.23775,3,62.07
85927032,127.14495,37.27952,3,62.069
84967208,127.11084,37.33169,3,62.02
88134881,127.22281,37.27387,2,61.95
85063194,127.11424,37.3281,3,61.794
86935109,127.180214,37.342716,3,61.782
85079184,127.11483,37.324043,3,61.737
84935026,127.11014,37.24876,3,61.718
87334849,127.194756,37.23684,2,61.693
84967085,127.11112,37.276257,3,61.578
85335158,127.12388,37.319565,3,61.568
85239093,127.12066,37.287556,3,61.551
89686697,127.277626,37.23477,2,61.516000000000005
89014752,127.25393,37.240585,3,61.516
84375187,127.0901,37.30548,3,61.479
86375125,127.1605,37.3341,3,61.465
88726933,127.24354,37.314026,3,61.465
84999142,127.112114,37.302853,3,61.426
87782875,127.21045,37.26122,2,61.392
88006873,127.21832,37.266644,3,61.344
84487226,127.09394,37.326225,3,61.34
87222833,127.19085,37.226463,3,61.28
84839089,127.10662,37.27444,3,61.21900000000001
83863073,127.07242,37.239616,3,61.156
84183023,127.08376,37.226135,3,61.137
85271071,127.12183,37.278545,3,61.132000000000005
84823047,127.10616,37.25506,2,61.08200000000001
84999094,127.11223,37.28122,3,61.078
85495056,127.12973,37.27812,3,61.074
83767258,127.06857,37.32028,3,61.019000000000005
88982977,127.25247,37.341087,3,60.996
87367072,127.19547,37.33825,3,60.996
84887088,127.10831,37.275345,3,60.996
86855111,127.1774,37.341354,3,60.996
84311215,127.08778,37.316288,3,60.933
83927227,127.07427,37.310833,3,60.924
85367096,127.125145,37.292526,3,60.893
86439004,127.16299,37.281372,3,60.78
84103141,127.080666,37.277054,3,60.741
84183121,127.08353,37.270306,3,60.711
85959048,127.14604,37.287632,3,60.553
84279231,127.086624,37.322594,3,60.537000000000006
85686798,127.13703,37.16727,3,60.5
85207061,127.119606,37.27223,3,60.494
83431312,127.05664,37.335106,3,60.48
83783259,127.06914,37.321182,3,60.45
84471085,127.09372,37.262226,3,60.325
84855105,127.10715,37.282104,3,60.24
89878675,127.2844,37.230278,3,60.208
84807047,127.1056,37.254604,2,60.09
85767042,127.13931,37.279503,2,60.05800000000001
87254853,127.19194,37.23638,2,60.048
87478819,127.19987,37.22739,2,60.048
83799243,127.06974,37.314423,2,60.04
84295260,127.08711,37.336117,2,59.982
84391270,127.09046,37.34334,2,59.96900000000001
84935107,127.109955,37.285267,3,59.96900000000001
84871060,127.10781,37.262276,3,59.959
85671029,127.13596,37.270927,3,59.94500000000001
84455203,127.09287,37.314957,2,59.878
83927145,127.07448,37.273876,3,59.81399999999999
84551250,127.09613,37.338852,3,59.789
84455247,127.092766,37.334785,3,59.774
88390800,127.23193,37.24459,3,59.77
85719018,127.13767,37.267326,3,59.626000000000005
85079198,127.1148,37.330353,3,59.61999999999999
85127201,127.11648,37.33306,3,59.53
84935201,127.10973,37.327633,3,59.503
85783026,127.13991,37.272743,3,59.494
84295196,127.087265,37.307274,2,59.474
83591254,127.06241,37.313496,2,59.444
85303110,127.12286,37.297028,2,59.43
85223190,127.11987,37.33082,3,59.424
85719164,127.13736,37.333126,3,59.3
83719263,127.06688,37.321175,3,59.27
84983181,127.111465,37.319977,2,59.27
84567245,127.0967,37.33705,3,59.252
85239121,127.12059,37.300175,3,59.248000000000005
84263218,127.08609,37.316284,3,59.188
84039152,127.07839,37.2802,3,59.184
88055002,127.21979,37.32614,2,59.175
86167019,127.153404,37.280445,3,59.13300000000001
89750667,127.279915,37.223057,3,59.128
83975262,127.07587,37.327965,3,59.056
85783112,127.139725,37.3115,3,59.036
83815155,127.070526,37.275215,3,58.978
84679208,127.10072,37.323544,3,58.95399999999999
85559035,127.13202,37.270466,3,58.909
83847056,127.0719,37.231503,3,58.828
84823228,127.105736,37.33663,3,58.75900000000001
83927219,127.074295,37.307228,3,58.673
85111088,127.11617,37.28168,2,58.652
84807224,127.10518,37.334377,3,58.502
86726896,127.17332,37.24084,3,58.47
84135214,127.081604,37.31086,3,58.437
86134995,127.15233,37.268723,2,58.422
85862964,127.142845,37.247063,2,58.422
85399156,127.12614,37.320473,2,58.387
84231253,127.08488,37.331154,3,58.368
83991258,127.07644,37.326614,3,58.296
84183219,127.08328,37.314472,3,58.27
84375222,127.09001,37.321255,3,58.174
85479120,127.12903,37.30651,3,58.091
84886985,127.10855,37.228924,3,58.086
86838881,127.17728,37.237244,3,58.064
87990867,127.217766,37.26349,2,58.064
84455225,127.09282,37.32487,3,58.043
86534718,127.16693,37.15519,3,58.00599999999999
83895209,127.0732,37.301815,2,57.988
85479176,127.1289,37.33175,3,57.957
83719285,127.06682,37.33109,3,57.94500000000001
86550935,127.16706,37.25344,2,57.932
86215007,127.15511,37.276394,3,57.925
85127077,127.11676,37.277176,2,57.912
83783258,127.06914,37.320732,3,57.904
85159026,127.118004,37.255096,3,57.879
85654986,127.1355,37.251095,3,57.787
83975219,127.07597,37.308586,2,57.765
90710482,127.313866,37.16678,2,57.606
84119243,127.08097,37.32348,3,57.587
88918974,127.25023,37.33793,3,57.584
88966850,127.2521,37.283398,2,57.55500000000001
85015132,127.1127,37.298798,3,57.511
85031033,127.113495,37.25463,2,57.504
84887016,127.108475,37.242897,3,57.489
84119218,127.08103,37.31221,2,57.369
83879246,127.07254,37.31804,3,57.367
85591030,127.133156,37.269115,3,57.33
84231219,127.08496,37.31583,3,57.312000000000005
84407247,127.09108,37.333427,3,57.21
86150997,127.15289,37.270077,3,57.188
84599194,127.097946,37.314972,3,57.166
83879146,127.07279,37.27297,2,57.16
90550633,127.308075,37.230316,3,57.122
84535212,127.09566,37.321274,3,57.106
85383115,127.12566,37.301544,3,57.074
83767253,127.06859,37.318024,3,56.952000000000005
83719265,127.06687,37.322075,3,56.952000000000005
86167020,127.153404,37.280895,3,56.944
84999068,127.11229,37.2695,2,56.94
90710643,127.31369,37.23934,3,56.92400000000001
84055207,127.07882,37.305443,3,56.908
87686748,127.2073,37.201267,3,56.900000000000006
85335125,127.123955,37.30469,3,56.865
87638699,127.205696,37.177826,3,56.801
84023154,127.07783,37.28065,3,56.765
87814816,127.21167,37.23553,3,56.714
84071216,127.07935,37.30995,3,56.654
84007224,127.07709,37.311745,3,56.599
88375027,127.231,37.346447,2,56.475
86327016,127.159035,37.283615,2,56.459
84295229,127.08719,37.322147,2,56.36399999999999
83895268,127.073044,37.328407,3,56.355
83447283,127.057274,37.32249,3,56.34
84071204,127.079384,37.304543,3,56.327
84823062,127.106125,37.261818,3,56.312
87190953,127.18951,37.279644,3,56.304
84055037,127.07924,37.228825,2,56.3
86119036,127.15169,37.28675,3,56.29600000000001
85750999,127.13884,37.25967,3,56.227
86518919,127.16597,37.245327,3,56.085
83623263,127.06351,37.318455,2,56.07000000000001
83815277,127.07021,37.3302,3,56.04
84519082,127.095406,37.262234,3,56.032
84727153,127.10254,37.300114,2,56.032
84167216,127.082726,37.312668,3,56.005
85079083,127.11506,37.278522,3,55.973
84839164,127.106445,37.30824,3,55.955
85143067,127.11735,37.27312,3,55.953
87766774,127.21006,37.215244,3,55.892
84791062,127.105,37.260914,3,55.823
83847267,127.07136,37.3266,3,55.796
84487237,127.09391,37.331184,3,55.784
84327189,127.08841,37.305023,2,55.775
88950978,127.25135,37.340633,3,55.768
85063204,127.11422,37.332603,2,55.746
83495270,127.059,37.31799,3,55.739
87430847,127.19813,37.23865,3,55.671
84247211,127.08555,37.312675,2,55.638000000000005
85351103,127.124565,37.29523,3,55.622
87558971,127.20241,37.298157,3,55.620000000000005
88422872,127.23294,37.277946,3,55.620000000000005
88166654,127.224304,37.172462,2,55.584
84247023,127.08601,37.227947,3,55.554
87702729,127.207886,37.193157,3,55.55
85814987,127.14111,37.25607,3,55.526
84935181,127.10978,37.31862,2,55.523
85335118,127.12397,37.301537,3,55.497
87766729,127.21014,37.194965,3,55.382
84935061,127.11006,37.264534,3,55.355
84967028,127.11126,37.25057,3,55.34
88086871,127.22114,37.268005,2,55.32
84695027,127.101715,37.242424,3,55.316
84647223,127.09956,37.3294,3,55.302
84471197,127.093445,37.312702,3,55.284000000000006
85319194,127.12324,37.33534,3,55.24
87990888,127.217735,37.272953,3,55.23
88006879,127.21831,37.26935,3,55.23
88966967,127.25193,37.33613,3,55.199
84887143,127.108185,37.300133,3,55.188
87350858,127.195305,37.24135,3,55.132000000000005
84503225,127.094505,37.32623,3,55.084
84055249,127.07871,37.32437,3,55.07
89078982,127.255844,37.34605,2,55.065000000000005
84135218,127.0816,37.312664,3,55.063
90310646,127.29962,37.2294,2,55.05500000000001
86310998,127.15851,37.27505,2,55.053
88422882,127.232925,37.28245,2,55.02
84871147,127.10761,37.301483,3,55.016000000000005
86295126,127.157684,37.332287,3,54.995
84311198,127.08782,37.308628,2,54.989
84391237,127.09054,37.32847,2,54.929
84951195,127.110306,37.32538,3,54.902
85415178,127.12665,37.33084,3,54.851
83815160,127.07051,37.27747,3,54.821
84999143,127.112114,37.303303,3,54.81100000000001
85303189,127.12269,37.33263,3,54.790000000000006
84631162,127.09915,37.301456,3,54.778
87894807,127.2145,37.233734,3,54.74399999999999
86023052,127.14828,37.291245,3,54.741
84695249,127.10119,37.342476,3,54.717
84535092,127.09595,37.267193,3,54.615
84423216,127.09171,37.31991,3,54.61
84583216,127.097336,37.324436,3,54.447
83751210,127.06814,37.29819,2,54.402
84919187,127.1092,37.32087,3,54.392
84871223,127.10743,37.335735,3,54.314
84135211,127.08161,37.30951,3,54.286
84471260,127.09329,37.3411,2,54.258
85287177,127.122154,37.32677,3,54.231
84839099,127.1066,37.278946,3,54.225
84599175,127.09799,37.306408,3,54.119
84551234,127.09617,37.331642,3,54.091
84471235,127.09335,37.32983,3,54.089
88022801,127.219,37.234646,2,54.07600000000001
87862843,127.21331,37.249054,2,54.076
84823218,127.10576,37.332127,2,54.05
86743123,127.17344,37.343597,2,54.040000000000006
87670677,127.206856,37.168816,3,54.039
90918603,127.321045,37.227184,2,53.874
87990875,127.21776,37.267094,3,53.864
87462849,127.19925,37.24046,2,53.81
85303104,127.12288,37.294323,3,53.768
86999098,127.18249,37.33957,2,53.75800000000001
90870643,127.31931,37.24386,2,53.748000000000005
85063182,127.11427,37.32269,2,53.748000000000005
85671033,127.135956,37.27273,2,53.746
85255016,127.12139,37.253304,3,53.713
84503221,127.09451,37.324425,2,53.625
84647149,127.09974,37.29605,2,53.57300000000001
84551098,127.0965,37.270348,3,53.573
85079107,127.115005,37.28934,2,53.516
87814893,127.21154,37.270233,2,53.514
84583244,127.09727,37.337055,3,53.504
88054884,127.219986,37.27296,3,53.458
86630898,127.169945,37.23903,3,53.458
85479099,127.129074,37.297047,3,53.409
84455200,127.09288,37.313602,3,53.396
84535235,127.095604,37.331642,2,53.36599999999999
84999108,127.1122,37.28753,3,53.354
84695130,127.10147,37.288845,3,53.312
88358805,127.2308,37.24594,3,53.298
86086993,127.15065,37.266464,2,53.28
84567201,127.09681,37.317223,3,53.26100000000001
83799156,127.06996,37.27521,3,53.238
84615202,127.09849,37.31903,3,53.22
84599218,127.09789,37.32579,3,53.216
87990790,127.217896,37.228786,2,53.214
84567184,127.09685,37.30956,3,53.189
84391233,127.090546,37.326664,3,53.17400000000001
83319293,127.05276,37.32337,2,53.159
87638616,127.20584,37.14042,2,53.1
86375016,127.16072,37.284973,3,53.054
89878677,127.2844,37.23118,3,52.928
84007216,127.07711,37.30814,3,52.921
86294990,127.15796,37.270992,3,52.907
84359226,127.08944,37.322605,3,52.87700000000001
85671030,127.13596,37.271378,3,52.877
87910809,127.21506,37.23509,3,52.833
84919162,127.10926,37.3096,3,52.824
85175080,127.11844,37.27989,3,52.793000000000006
87350852,127.19531,37.238644,3,52.787
84951138,127.11044,37.29969,2,52.761
84103204,127.080505,37.305447,3,52.754
84359107,127.08974,37.268974,3,52.736
90390672,127.30241,37.243378,2,52.728
87574823,127.20323,37.231903,3,52.726000000000006
85991070,127.14712,37.298454,2,52.707
85047075,127.11396,37.274014,3,52.695
86055060,127.14938,37.295757,3,52.63700000000001
86294985,127.157974,37.268738,2,52.637
90950525,127.32226,37.192932,2,52.63499999999999
84199244,127.08378,37.32619,2,52.632
84135242,127.081535,37.32348,3,52.625
88358806,127.2308,37.24639,3,52.56999999999999
84727038,127.10281,37.248287,3,52.563
84375154,127.09018,37.290607,2,52.53
85063199,127.114235,37.33035,2,52.497
82935401,127.03898,37.36118,3,52.48799999999999
89814687,127.282135,37.23388,2,52.477
84983165,127.1115,37.312763,3,52.472
84343235,127.08886,37.32621,3,52.401
83815061,127.07076,37.23285,3,52.395
84631160,127.09915,37.300556,3,52.392
84951150,127.11041,37.3051,2,52.378
84423215,127.09171,37.319458,3,52.372
87510827,127.20097,37.2319,3,52.358
90662540,127.31212,37.191563,2,52.325
88102837,127.221756,37.25313,2,52.32
84615238,127.098404,37.335255,2,52.29
85287012,127.12253,37.252407,3,52.279
86311000,127.1585,37.27595,2,52.224
87974914,127.217125,37.284218,2,52.222
87590733,127.20395,37.191795,3,52.206
86262987,127.156845,37.268738,3,52.18300000000001
88758980,127.24459,37.336113,2,52.178
84711021,127.102295,37.240173,3,52.145
92134447,127.363945,37.191185,2,52.11
85143175,127.117096,37.321796,3,52.102
85158976,127.11811,37.232563,2,52.078
83783069,127.06962,37.23555,3,52.034
86166984,127.15348,37.26467,3,52.008
83911207,127.07376,37.30137,2,52.00699999999999
85127024,127.11688,37.25329,3,51.996
85303190,127.12269,37.33308,2,51.993
84663222,127.10013,37.329403,3,51.944
84935027,127.11014,37.24921,3,51.936
87142864,127.18799,37.238174,3,51.928
85831139,127.14135,37.325027,2,51.855
84199085,127.084175,37.25453,3,51.848
85031081,127.11338,37.276264,3,51.791
87094859,127.18631,37.234566,3,51.757000000000005
84743005,127.103455,37.233864,2,51.755
84615199,127.098495,37.31768,3,51.724
85431126,127.12733,37.307858,2,51.702
85127189,127.11651,37.327652,3,51.68
88358807,127.2308,37.24684,3,51.678
87094857,127.18631,37.23366,3,51.67700000000001
85751101,127.13862,37.30564,3,51.659
85079089,127.11505,37.281227,3,51.636
83991202,127.076584,37.301376,2,51.623
85191179,127.118774,37.32496,3,51.608
84007205,127.07713,37.30318,3,51.608
88199017,127.22483,37.336967,2,51.602
84983136,127.11157,37.299694,3,51.552
84711094,127.10212,37.27307,3,51.547
85159025,127.118004,37.254646,3,51.54
84887003,127.108505,37.237038,2,51.54
84983138,127.111565,37.300594,3,51.54
85015206,127.11253,37.33215,3,51.537
84663210,127.10016,37.323994,3,51.524
85015160,127.11264,37.311417,3,51.523
85511083,127.13023,37.29074,3,51.468
83895152,127.07334,37.276127,2,51.444
84455274,127.0927,37.346954,2,51.428
84167242,127.08266,37.324383,2,51.419
85143080,127.11732,37.27898,3,51.38
88086901,127.221085,37.281525,2,51.377
88246901,127.22671,37.286045,2,51.285
84919185,127.10921,37.31997,3,51.263
86135016,127.15229,37.278187,3,51.258
87718826,127.20828,37.237324,2,51.194
85271012,127.12196,37.251953,2,51.17
83431367,127.05649,37.359894,2,51.169
85894980,127.143936,37.255177,3,51.150000000000006
85335188,127.12382,37.333084,3,51.14
88886963,127.249115,37.332066,3,51.109
85846981,127.14225,37.254272,3,51.108
88150829,127.22345,37.25088,2,51.108
88710984,127.2429,37.33656,3,51.099
84855110,127.10713,37.284355,3,51.06400000000001
87894812,127.214485,37.23599,3,50.993
87094872,127.18629,37.240425,3,50.97
86119049,127.15166,37.292606,3,50.943
83991253,127.076454,37.324364,3,50.94
85015197,127.11255,37.32809,3,50.939
88262825,127.227394,37.252243,3,50.875
85014984,127.113045,37.232094,2,50.87
84934984,127.11024,37.22983,2,50.856
84007251,127.07702,37.323914,2,50.82
84391076,127.090935,37.25591,2,50.8
87974915,127.217125,37.28467,3,50.794
84663207,127.10017,37.322643,2,50.76
84407213,127.091156,37.318104,3,50.753
85127112,127.116684,37.29295,3,50.752
84359202,127.0895,37.31179,3,50.689
86534957,127.16646,37.262905,2,50.676
85415177,127.12665,37.33039,2,50.671
85351114,127.12454,37.300186,3,50.612
84119202,127.08108,37.305,3,50.463
86359005,127.16018,37.279564,2,50.376000000000005
83703345,127.0661,37.357677,3,50.36
84375186,127.0901,37.30503,3,50.351
84951141,127.110435,37.301044,3,50.32
86535000,127.16637,37.282284,3,50.286
83959268,127.075294,37.330215,3,50.279
85958739,127.14669,37.14837,2,50.265
86263005,127.15681,37.276848,3,50.255
86135106,127.1521,37.31875,3,50.232
87398631,127.197395,37.140396,2,50.215
84103236,127.08043,37.31987,3,50.197
84167201,127.08276,37.305904,2,50.19
84295188,127.08729,37.30367,3,50.18900000000001
85255126,127.12115,37.30288,3,50.171
83671258,127.06521,37.317562,2,50.167
84551089,127.09651,37.266293,3,50.128
86631001,127.16974,37.28545,2,50.112
85191097,127.118965,37.288002,3,50.076
93558246,127.41415,37.14075,2,50.076
87926879,127.2155,37.26709,2,50.075
87814707,127.21186,37.186405,3,50.05
83719211,127.06701,37.297737,3,50.041
84951113,127.1105,37.288425,3,50.006
84935081,127.11001,37.27355,3,50.005
85271014,127.121956,37.252857,3,49.98
84823042,127.10617,37.252804,3,49.98
84967064,127.111176,37.266792,3,49.968
84711194,127.10188,37.318142,2,49.852
85159115,127.1178,37.295208,3,49.848
84119245,127.08097,37.32438,3,49.805
84919076,127.10946,37.270844,2,49.797
85543057,127.13141,37.279926,3,49.726
85495174,127.12947,37.3313,2,49.673
86535026,127.16632,37.294003,3,49.658
87846827,127.212776,37.241394,3,49.63
84983135,127.11157,37.299244,3,49.587
87350861,127.1953,37.242702,3,49.558
83719253,127.0669,37.316666,2,49.54600000000001
85015031,127.11294,37.253277,3,49.53999999999999
83495284,127.05896,37.3243,3,49.534000000000006
85079090,127.11504,37.281677,3,49.513000000000005
85846984,127.14224,37.255623,3,49.512
85719116,127.13747,37.311493,3,49.46
93126278,127.39894,37.142994,2,49.426
83911196,127.07379,37.29641,3,49.413
87286954,127.19288,37.282806,2,49.348
87638905,127.20534,37.270668,2,49.335
83799155,127.06996,37.27476,3,49.32
85575034,127.13258,37.270466,3,49.304
84311203,127.087814,37.310883,3,49.28
85223061,127.12017,37.272682,3,49.248000000000005
88998962,127.25306,37.334778,3,49.245000000000005
84791215,127.104645,37.32987,2,49.212
85159190,127.11763,37.32901,3,49.196
87174853,127.18913,37.234123,3,49.162
87638827,127.205475,37.235516,3,49.11
86390958,127.1614,37.259285,3,49.092
87334847,127.194756,37.23594,3,49.091
87750717,127.209595,37.189102,3,49.035
85687005,127.13658,37.260563,3,49.024
84967062,127.111176,37.265892,3,49.004
85367180,127.124954,37.330383,3,48.988
84887222,127.107994,37.33574,3,48.914
83911258,127.07363,37.324352,2,48.883
85927041,127.14493,37.283573,3,48.82000000000001
84951062,127.11062,37.265438,3,48.784
84599217,127.09789,37.32534,3,48.737
85127166,127.116554,37.317287,3,48.729
84183198,127.08333,37.305008,3,48.682
83767250,127.068596,37.316673,2,48.66
84231218,127.08497,37.31538,3,48.627
85191066,127.11903,37.27403,3,48.619
84455209,127.09286,37.31766,3,48.612
84407237,127.0911,37.328922,3,48.607
84935204,127.109726,37.328983,3,48.591
83959227,127.07539,37.31174,3,48.573
84503246,127.09445,37.335693,3,48.539
87190869,127.18966,37.241783,2,48.504
84423209,127.09173,37.316753,3,48.50399999999999
85815001,127.14108,37.26238,3,48.492
86087067,127.1505,37.299816,3,48.469
87878804,127.21394,37.23193,3,48.456
83831262,127.07081,37.32389,2,48.454
85335121,127.12396,37.30289,3,48.44
84375228,127.09,37.32396,3,48.397000000000006
84999061,127.112305,37.266346,3,48.393
84711243,127.10176,37.340225,2,48.384
84951111,127.110504,37.28752,2,48.324
84551231,127.096176,37.33029,3,48.312
84919167,127.10925,37.311855,3,48.274
83703276,127.066284,37.32658,3,48.246
88358888,127.23067,37.283348,2,48.204
86886727,127.17926,37.169193,2,48.20399999999999
84375257,127.08993,37.33703,3,48.19200000000001
84583201,127.09737,37.317677,3,48.184000000000005
84967084,127.11113,37.275806,3,48.157
84407273,127.09101,37.345146,3,48.114
86327010,127.15904,37.28091,3,48.08
84455207,127.09286,37.316757,2,48.072
87718748,127.20842,37.20217,3,48.048
84663245,127.100075,37.339767,3,48.024
84167226,127.0827,37.317173,3,47.984
84999010,127.11242,37.24336,2,47.952
86359017,127.16016,37.28497,3,47.905
83927160,127.07444,37.280636,2,47.888
84711238,127.101776,37.33797,3,47.883
85527034,127.1309,37.269108,3,47.853
88390804,127.231926,37.246395,2,47.828
84567249,127.096695,37.338856,2,47.825
84951100,127.11053,37.282566,3,47.795
85335168,127.12386,37.32407,3,47.784000000000006
85063133,127.11439,37.300606,3,47.773
85239058,127.120735,37.271782,3,47.753
84103243,127.080414,37.323025,3,47.712
84375024,127.0905,37.232018,2,47.71000000000001
84791061,127.105,37.260464,3,47.684
84711221,127.101814,37.33031,2,47.671
83687221,127.065865,37.30134,2,47.67099999999999
84439094,127.092575,37.265377,3,47.67
83671292,127.06512,37.332886,3,47.64
87094858,127.18631,37.234116,3,47.64
87014853,127.18351,37.2296,2,47.606
87462620,127.19966,37.137245,3,47.586
87366634,127.196266,37.140842,3,47.586
85479123,127.12902,37.30786,2,47.586
85303094,127.1229,37.289818,3,47.572
86230984,127.15572,37.26648,3,47.571
83543269,127.060684,37.318897,2,47.544
92454367,127.37526,37.164154,2,47.542
84087199,127.079956,37.302742,3,47.525
83783268,127.069115,37.325237,3,47.501000000000005
88550798,127.23756,37.24821,2,47.50099999999999
88006827,127.2184,37.245914,2,47.498000000000005
91398467,127.33806,37.179432,2,47.439
90838634,127.3182,37.238895,3,47.432
84023253,127.077576,37.325268,2,47.405
88054971,127.21984,37.31217,2,47.34
86103049,127.15109,37.292156,2,47.324
84039258,127.078125,37.327972,2,47.321000000000005
85735004,127.13827,37.26147,3,47.306
85399175,127.12609,37.329037,3,47.244
84471202,127.09344,37.314957,2,47.226
85511177,127.13002,37.333107,3,47.18
84839228,127.1063,37.337086,3,47.164
84583253,127.097244,37.34111,3,47.152
84967182,127.1109,37.319973,3,47.093
84551215,127.096214,37.32308,3,47.068
84359174,127.08957,37.29917,2,47.061
87254856,127.19193,37.237736,2,47.047
87830669,127.21249,37.16973,2,47.047
83671213,127.06532,37.29728,3,47.022
86150999,127.152885,37.270977,2,47.011
85895050,127.14379,37.286724,2,47.008
85143195,127.11705,37.33081,2,46.994
84711215,127.10183,37.327606,3,46.992
87974537,127.21776,37.114304,2,46.982
84151209,127.082184,37.30906,2,46.93
87526734,127.201706,37.190437,2,46.915
87398858,127.19698,37.242706,3,46.816
83607262,127.06295,37.317554,3,46.814
85975035,127.14663,37.282227,2,46.788
84199123,127.084076,37.27166,3,46.777
85463042,127.12864,37.270905,3,46.733
85479154,127.12895,37.321835,2,46.719
84887095,127.10829,37.2785,3,46.608
84551249,127.09613,37.3384,3,46.57
83799068,127.07018,37.235554,3,46.556
85799108,127.14029,37.31015,3,46.55200000000001
85062963,127.11478,37.223988,2,46.55200000000001
84295208,127.08724,37.312683,3,46.541
86071069,127.14993,37.300266,3,46.476
84503227,127.0945,37.32713,3,46.466
85175182,127.11821,37.325855,3,46.388000000000005
87206843,127.19027,37.23052,2,46.386
84135236,127.08155,37.320774,3,46.37700000000001
84599176,127.09799,37.30686,3,46.312000000000005
85047172,127.11373,37.31773,3,46.276
83687256,127.06577,37.317112,2,46.23
85351115,127.12454,37.300636,3,46.23
85415127,127.12676,37.307858,2,46.199
84583220,127.09732,37.326237,3,46.19
84871091,127.10774,37.276245,3,46.152
90214649,127.29624,37.228043,3,46.145
84839098,127.106606,37.278496,3,46.08
84551219,127.0962,37.324883,3,46.06
84903143,127.10874,37.300587,3,46.058
84375120,127.09026,37.275284,3,46.032
86038722,127.14953,37.142967,2,46.004000000000005
84279229,127.086624,37.321693,3,46.001000000000005
90902540,127.32055,37.198338,2,45.981
86662792,127.17127,37.192158,2,45.948
86007053,127.14771,37.291245,2,45.936
84439198,127.09232,37.31225,3,45.893
84487188,127.09403,37.3091,3,45.891
84407257,127.09105,37.337933,2,45.86000000000001
88294914,127.22838,37.29326,2,45.85000000000001
90934540,127.32168,37.19924,3,45.85
83959203,127.075455,37.300922,3,45.833
83815205,127.0704,37.29775,3,45.827
84471233,127.09336,37.32893,2,45.783
85127113,127.11668,37.2934,3,45.78
85255111,127.12118,37.29612,2,45.749
84359256,127.08937,37.336124,2,45.747
86678895,127.17163,37.239033,3,45.739
86342968,127.15969,37.262436,3,45.724
89782694,127.281006,37.23613,2,45.61
89702670,127.27822,37.223053,3,45.61
84199245,127.08378,37.32664,2,45.598
85335007,127.12422,37.25151,2,45.584
83943265,127.07474,37.32841,3,45.47
84487236,127.09391,37.330734,3,45.465
84199201,127.083885,37.306812,3,45.462
84727214,127.102394,37.327606,3,45.46
90214653,127.29624,37.229847,3,45.417
84695093,127.10156,37.272167,3,45.388
86998855,127.182945,37.23005,3,45.344
85367176,127.12497,37.328583,2,45.324
84983097,127.11166,37.282116,2,45.318
93030296,127.39555,37.1484,2,45.27
84551200,127.096245,37.31632,2,45.27
84695184,127.10134,37.313183,3,45.24300000000001
83735212,127.06757,37.29864,3,45.241
86918766,127.180305,37.187675,2,45.24
85047146,127.11379,37.30601,3,45.22
85303185,127.122696,37.33083,3,45.204
87862812,127.21336,37.235085,2,45.183
84854979,127.107445,37.225315,2,45.178
84839093,127.10661,37.27624,3,45.173
86215023,127.15508,37.283604,3,45.16
84711092,127.10213,37.27217,3,45.128
84823072,127.1061,37.266323,3,45.094
84231217,127.08497,37.314926,3,45.09100000000001
83911219,127.07373,37.306774,3,45.06999999999999
87958871,127.21664,37.26439,3,45.043
84391254,127.0905,37.33613,2,45.024
84359197,127.089516,37.309536,3,45.008
84999199,127.111984,37.32854,3,45.0
84631161,127.09915,37.301006,3,44.992
84343106,127.08917,37.26807,3,44.946
85351174,127.124405,37.32723,3,44.92
85527055,127.13085,37.278572,2,44.91
85255192,127.120995,37.332626,2,44.907
86214996,127.155136,37.271435,2,44.896
84183083,127.08362,37.253178,2,44.892
85031126,127.11328,37.296547,3,44.89
87894824,127.21447,37.241398,3,44.842
83911246,127.07366,37.318943,2,44.832
85047158,127.11377,37.31142,3,44.825
86151045,127.152794,37.29171,3,44.81399999999999
84183245,127.08321,37.32619,2,44.8
85479170,127.128914,37.329044,2,44.724
86902877,127.179535,37.23725,3,44.711
84423231,127.091675,37.326668,2,44.628
85159083,127.117874,37.280785,3,44.607
84823105,127.106026,37.281197,2,44.59
84759192,127.10357,37.318596,2,44.572
84999161,127.112076,37.311413,2,44.572
84839041,127.106735,37.252808,3,44.55199999999999
86566903,127.16769,37.23947,3,44.502
87942920,127.21599,37.28602,2,44.496
89366894,127.266106,37.31452,2,44.44
84983134,127.11157,37.298794,3,44.439
84679209,127.10072,37.323997,3,44.42
84039215,127.07823,37.308594,3,44.373000000000005
84023059,127.078064,37.237835,2,44.348
84951083,127.110565,37.274902,3,44.343
84855061,127.107254,37.26227,3,44.326
84983213,127.11139,37.334396,3,44.306
83911159,127.07388,37.279736,3,44.289
84663224,127.10012,37.330303,3,44.28399999999999
84295209,127.087234,37.313133,3,44.275
86502905,127.165436,37.238564,3,44.224
85607164,127.13342,37.32996,3,44.209
85511126,127.130135,37.31012,3,44.205
84839070,127.10667,37.265877,2,44.176
87286856,127.193054,37.23864,2,44.171
85319195,127.12324,37.33579,2,44.154
84839042,127.106735,37.253258,2,44.066
85591031,127.133156,37.269566,3,44.04
84423208,127.091736,37.316303,3,43.992
86087031,127.15057,37.283592,3,43.96900000000001
84663200,127.10018,37.31949,3,43.954
88150688,127.22369,37.187336,2,43.940000000000005
86439011,127.16298,37.284527,3,43.908
86135034,127.15225,37.2863,3,43.896
85207063,127.1196,37.27313,2,43.889
86407005,127.161865,37.28092,3,43.870000000000005
86902888,127.17951,37.24221,2,43.867
87830885,127.21211,37.267082,2,43.862
84855109,127.10714,37.283905,3,43.855
84007130,127.077324,37.269382,3,43.834
83447312,127.0572,37.33556,3,43.736
84231193,127.08503,37.30411,3,43.712
84231202,127.08501,37.308167,2,43.667
84583178,127.09743,37.30731,3,43.66
84119211,127.081055,37.309055,3,43.615
84183241,127.08322,37.324387,3,43.613
87110832,127.18692,37.222847,2,43.565
86886885,127.178955,37.240406,2,43.56
87606897,127.20422,37.26616,2,43.548
86007034,127.14776,37.28268,3,43.524
88502823,127.23583,37.25812,2,43.472
84679218,127.1007,37.328053,2,43.43
84359220,127.089455,37.3199,3,43.43
86630899,127.169945,37.23948,3,43.404
87846886,127.21268,37.267982,3,43.391000000000005
83959239,127.07536,37.317146,2,43.374
86486904,127.16488,37.23766,2,43.318000000000005
86038991,127.14897,37.264206,3,43.311
86279004,127.15737,37.27685,3,43.306
85223179,127.1199,37.325863,3,43.299
83927195,127.074356,37.296413,3,43.271
84935018,127.11016,37.245155,3,43.242
88102863,127.22171,37.26485,2,43.24
85111071,127.11621,37.27402,3,43.229
83895143,127.073364,37.27207,2,43.199
84151220,127.08215,37.31402,3,43.131
85431110,127.12736,37.300648,3,43.13
88086802,127.22125,37.236904,2,43.108
84967132,127.111015,37.29744,3,43.095
85607080,127.133606,37.292103,2,43.095
87286843,127.193085,37.23278,3,43.092
84391214,127.09059,37.318104,3,43.057
84679093,127.101,37.271717,3,43.056
83863250,127.07197,37.31939,2,42.961
85750993,127.138855,37.256966,3,42.93
87302844,127.19364,37.233685,3,42.912
86934726,127.18095,37.1701,2,42.896
84679103,127.100975,37.276222,3,42.842
84967113,127.11106,37.288876,2,42.832
85735036,127.1382,37.27589,3,42.828
87398844,127.197014,37.236397,3,42.809000000000005
90022687,127.28945,37.23975,2,42.768
86406958,127.16196,37.25974,3,42.755
85031121,127.11329,37.294292,2,42.75
83767153,127.06885,37.272957,2,42.744
85975032,127.14664,37.280876,2,42.706
86119001,127.15176,37.270973,2,42.65
89062988,127.25527,37.348305,2,42.62799999999999
84999164,127.11207,37.312767,3,42.540000000000006
85159184,127.11764,37.326305,3,42.53999999999999
86359018,127.16015,37.285423,3,42.514
88182860,127.224525,37.26576,3,42.512
83799274,127.06966,37.328396,3,42.475
85543146,127.13122,37.320038,2,42.462
85991031,127.1472,37.280876,2,42.392
87814806,127.211685,37.23102,3,42.352
85159191,127.11762,37.32946,3,42.337
89078910,127.25595,37.313602,2,42.295
85975042,127.146614,37.28538,3,42.294
83943220,127.07485,37.308132,2,42.255
87255071,127.191536,37.334633,2,42.211
86823117,127.17626,37.343155,2,42.211
86198990,127.15459,37.26828,3,42.183
85111024,127.11632,37.25284,3,42.175
85686675,127.13729,37.11183,3,42.154
84887081,127.10833,37.27219,3,42.141
84887154,127.108154,37.30509,3,42.132000000000005
88998965,127.25306,37.33613,2,42.055
84071257,127.079254,37.32843,2,42.045
84007230,127.07707,37.31445,2,42.007000000000005
90822566,127.31771,37.207798,2,42.0
84519185,127.09516,37.308655,2,41.99
83943080,127.0752,37.245037,2,41.971
84183129,127.0835,37.27391,3,41.93
85031108,127.11332,37.288433,3,41.921
84663099,127.100426,37.273968,3,41.921
87238858,127.19137,37.238182,2,41.913
87430848,127.19813,37.2391,3,41.905
85367148,127.12503,37.315964,3,41.878
85415043,127.126945,37.269997,3,41.837
84023238,127.077614,37.31851,2,41.832
84391016,127.09108,37.228867,2,41.832
83847243,127.07142,37.31578,3,41.789
84567163,127.0969,37.300095,3,41.776
86135056,127.15221,37.296215,2,41.76
86694893,127.1722,37.238583,3,41.751000000000005
84247079,127.08587,37.253185,2,41.73
84919160,127.10927,37.3087,3,41.728
85959026,127.14609,37.277718,2,41.701
84935149,127.109856,37.304195,3,41.70099999999999
91334485,127.33579,37.18574,2,41.688
84471214,127.09341,37.320366,3,41.647
85063020,127.11465,37.249676,2,41.63
84839092,127.10661,37.27579,3,41.627
86375006,127.160736,37.280464,2,41.624
83975200,127.07603,37.300022,2,41.611
85031178,127.11316,37.31998,2,41.589
84887093,127.1083,37.2776,3,41.54
85159120,127.11778,37.297462,2,41.522
83527306,127.06002,37.335117,2,41.517
84423246,127.091644,37.33343,2,41.511
84007231,127.07707,37.3149,2,41.484
84423219,127.091705,37.321262,3,41.481
85047195,127.11368,37.328094,2,41.47
85127079,127.11675,37.278076,3,41.405
90198668,127.29566,37.236156,2,41.38
86550912,127.16711,37.243076,2,41.38
84903214,127.10858,37.332584,3,41.371
85415174,127.126656,37.329037,2,41.368
84471236,127.09335,37.33028,2,41.332
86758714,127.1748,37.159718,3,41.33
89014966,127.25362,37.337032,3,41.304
84999198,127.111984,37.32809,3,41.291
84295283,127.08705,37.346485,2,41.274
90630483,127.31106,37.16497,2,41.265
83559278,127.06122,37.323406,2,41.254000000000005
88822977,127.24685,37.336567,2,41.242
85127165,127.11656,37.316837,2,41.217
85031157,127.113205,37.310516,3,41.21000000000001
87942872,127.21607,37.264385,3,41.162
85431043,127.12751,37.27045,3,41.099
84422994,127.092255,37.219856,2,41.097
90710617,127.31372,37.227623,2,41.049
84695226,127.10124,37.33211,3,41.012
90134655,127.29343,37.22849,2,40.997
84614992,127.09899,37.224384,2,40.975
84759066,127.10387,37.26181,3,40.963
83767208,127.0687,37.297745,3,40.940000000000005
84727039,127.10281,37.248737,3,40.935
88902939,127.24972,37.3217,2,40.932
85063072,127.114525,37.273113,3,40.88
85062973,127.11475,37.228493,2,40.855
84855028,127.10733,37.2474,3,40.852
85255057,127.1213,37.271782,3,40.803
84647099,127.09986,37.273514,3,40.799
85559162,127.131744,37.3277,2,40.776
84471230,127.09337,37.327576,2,40.776
84087229,127.07989,37.31626,2,40.767
87398965,127.19679,37.290928,2,40.74
88086875,127.22113,37.269806,3,40.721
85255071,127.12127,37.27809,2,40.718
86518906,127.16599,37.239468,3,40.708
84823092,127.10606,37.275337,3,40.702
86279014,127.15735,37.281357,3,40.676
87782925,127.21036,37.283752,3,40.664
84327245,127.08827,37.33026,2,40.656
87958816,127.21673,37.2396,3,40.612
87238922,127.19125,37.26703,3,40.612
85303105,127.12288,37.294773,3,40.6
83703275,127.066284,37.32613,2,40.581
85607120,127.13352,37.31013,3,40.578
84935186,127.109764,37.32087,3,40.52
84375202,127.090065,37.31224,2,40.508
84935141,127.10987,37.30059,2,40.49
88134826,127.22289,37.249077,2,40.49
84295219,127.08721,37.31764,2,40.49
85655029,127.13541,37.270473,3,40.488
84855202,127.10692,37.32582,2,40.487
87414848,127.19757,37.23865,3,40.482
83799090,127.07013,37.24547,3,40.471
87990868,127.217766,37.26394,2,40.456
85527044,127.130875,37.273617,2,40.44799999999999
87846808,127.21281,37.23283,2,40.446
85303197,127.12267,37.336235,3,40.425
83767207,127.0687,37.29729,3,40.398
85319057,127.12355,37.273594,2,40.392
85047162,127.113754,37.31322,2,40.372
85926998,127.14502,37.264194,2,40.356
84055199,127.078835,37.301838,2,40.32000000000001
84423116,127.09196,37.27484,2,40.311
84279006,127.08717,37.22119,2,40.27
84967093,127.11111,37.27986,2,40.178
84439124,127.0925,37.2789,2,40.172
84455205,127.092865,37.315857,2,40.167
88102870,127.221695,37.268005,2,40.138
85319121,127.123405,37.302437,2,40.123
84455261,127.09273,37.341095,2,40.115
85527059,127.130844,37.280376,3,40.111
84823040,127.10618,37.251904,3,40.099
90454459,127.3049,37.149185,2,40.09
87622725,127.205086,37.18909,3,40.089
84967163,127.11095,37.31141,2,40.087
85191065,127.11903,37.27358,3,40.076
84967146,127.110985,37.30375,3,40.068
84247127,127.085754,37.27482,2,40.012
84775017,127.104546,37.24018,3,39.992
84007225,127.07709,37.312195,2,39.94500000000001
86614714,127.16975,37.155647,2,39.93300000000001
85255107,127.121185,37.29432,3,39.906
87478831,127.199844,37.232796,2,39.856
84983208,127.111404,37.332146,2,39.841
88327043,127.229294,37.352303,2,39.832
87143099,127.187546,37.34409,2,39.832
83831072,127.0713,37.238262,2,39.832
87718739,127.208435,37.198116,2,39.831
84983083,127.111694,37.275806,3,39.822
84151222,127.082146,37.31492,3,39.82
84455256,127.09274,37.33884,2,39.81
83879248,127.07253,37.31894,2,39.801
83575284,127.06177,37.32656,2,39.76
84231082,127.085304,37.254086,3,39.726
84359009,127.08997,37.224804,2,39.717
84343218,127.0889,37.318546,3,39.712
83703277,127.06628,37.32703,3,39.707
84439222,127.09226,37.323067,2,39.671
87430856,127.19811,37.242706,3,39.632000000000005
84839110,127.106575,37.283905,3,39.605
88246902,127.22671,37.286495,2,39.568
84823051,127.10615,37.25686,3,39.534
86534944,127.16648,37.257046,2,39.522
84887020,127.10847,37.244698,3,39.504
84279223,127.08664,37.31899,3,39.467
85383121,127.12565,37.30425,3,39.46
86055059,127.14939,37.295307,3,39.423
92118406,127.36342,37.172253,2,39.38
84503205,127.09455,37.317215,3,39.356
84167078,127.08307,37.250473,3,39.325
84519241,127.095024,37.333893,2,39.277
84615218,127.09845,37.32624,2,39.245
84903020,127.10903,37.24515,3,39.182
84935084,127.11001,37.274902,3,39.122
83847202,127.071526,37.297302,2,39.087
88534792,127.23701,37.245056,2,39.072
85798979,127.14057,37.25201,2,39.072
86294709,127.15853,37.14435,2,39.06
84839072,127.10667,37.266777,3,39.052
85270992,127.12201,37.24294,3,39.048
87910924,127.21486,37.28692,2,39.017
87318843,127.19421,37.233685,2,39.010000000000005
87814815,127.21167,37.23508,3,38.994
84391226,127.09057,37.32351,2,38.878
84247263,127.08542,37.336113,2,38.87
85191122,127.118904,37.299267,2,38.84
86790713,127.17592,37.16017,2,38.84
84823039,127.10618,37.251453,2,38.84
86230995,127.1557,37.27144,2,38.83
85127035,127.11686,37.258247,2,38.78999999999999
84871221,127.10744,37.334835,2,38.784000000000006
86262709,127.15741,37.143444,2,38.72
85254688,127.12213,37.105476,3,38.712
84455220,127.09283,37.322617,3,38.71
84711103,127.1021,37.27713,3,38.687
86375012,127.16073,37.28317,2,38.667
83895221,127.073166,37.307224,2,38.633
84935096,127.10998,37.280308,3,38.624
86646714,127.17087,37.15655,2,38.599
84871084,127.10776,37.27309,3,38.593
86598941,127.16873,37.257504,2,38.557
84743019,127.10342,37.240177,2,38.53
86167017,127.15341,37.279545,3,38.526
85686984,127.13663,37.2511,2,38.52
87846839,127.21275,37.2468,2,38.52
84183196,127.083336,37.304104,2,38.434
86870708,127.178734,37.16018,2,38.433
87846906,127.21264,37.276997,2,38.389
88390869,127.23182,37.275692,3,38.370000000000005
89190715,127.26017,37.228878,2,38.370000000000005
86694897,127.172195,37.240387,3,38.368
85143187,127.11707,37.327206,2,38.364
87110860,127.18687,37.235466,2,38.351
85415116,127.126785,37.3029,2,38.346
84167241,127.082664,37.323933,3,38.346
88230831,127.22626,37.254044,2,38.314
85943030,127.145515,37.279068,2,38.309
84951200,127.1103,37.327633,2,38.301
87814808,127.211685,37.231926,3,38.3
85271107,127.12175,37.29477,3,38.292
87526609,127.20193,37.134098,2,38.290000000000006
85639114,127.13466,37.30833,2,38.28
84743038,127.10337,37.248737,3,38.222
92374406,127.37242,37.179474,2,38.179
85783027,127.1399,37.273193,3,38.156
84935085,127.11,37.275352,3,38.152
88022826,127.21896,37.245914,2,38.106
84903019,127.10903,37.2447,2,38.1
86758694,127.174835,37.150703,2,38.08
84327252,127.08826,37.333416,2,38.038
84551087,127.09652,37.265392,2,38.022
92230411,127.367355,37.177666,2,38.02
84375118,127.09027,37.274384,2,38.02
84839071,127.10667,37.266327,2,38.008
84551208,127.09623,37.319923,3,37.996
85495042,127.12976,37.27181,2,37.947
84999089,127.112236,37.278965,3,37.912000000000006
88246829,127.22683,37.253593,2,37.908
85078958,127.11535,37.222187,2,37.897
87510835,127.20096,37.235504,2,37.85
83863086,127.07239,37.245476,2,37.822
86455004,127.16355,37.281826,2,37.819
83799324,127.06953,37.35093,2,37.776
84727237,127.10234,37.337975,2,37.739
85687115,127.136345,37.31014,2,37.7
86727095,127.17293,37.33053,2,37.68
85959055,127.14603,37.29079,2,37.67999999999999
84855084,127.10719,37.27264,2,37.638
87814680,127.21191,37.174236,2,37.58200000000001
85719003,127.13771,37.260567,2,37.58
84055140,127.07899,37.275246,3,37.572
84103140,127.080666,37.276604,2,37.572
87222865,127.190796,37.240887,2,37.546
85431048,127.1275,37.272705,3,37.521
85207077,127.11957,37.279438,2,37.521
86790709,127.17593,37.158367,2,37.515
87350848,127.19532,37.236843,3,37.502
84951199,127.1103,37.327183,3,37.487
86678891,127.171646,37.23723,3,37.477
85143070,127.11734,37.274475,3,37.444
86982858,127.18238,37.23095,3,37.418
86918841,127.18017,37.221478,2,37.397000000000006
84055255,127.0787,37.327076,2,37.373000000000005
86087010,127.15061,37.274128,2,37.368
86439012,127.16297,37.28498,3,37.364
83863087,127.07238,37.245926,3,37.304
84934995,127.110214,37.23479,2,37.303
87991066,127.21743,37.353176,3,37.27
84327078,127.088684,37.254997,3,37.242
84775101,127.10435,37.278038,2,37.149
83927140,127.07449,37.271626,3,37.134
87942807,127.21619,37.235092,2,37.119
86054720,127.15009,37.14252,2,37.117
85063192,127.11425,37.327194,2,37.105
85079105,127.11501,37.288437,3,37.002
85415146,127.12672,37.316418,2,36.944
83911235,127.07369,37.313988,2,36.878
87942879,127.216064,37.26754,3,36.869
86198980,127.15461,37.26377,2,36.864
85079075,127.11508,37.274918,3,36.831
88886973,127.24911,37.33657,3,36.768
84167087,127.083046,37.254528,3,36.747
85767100,127.13918,37.30564,2,36.724
84854988,127.10742,37.22937,2,36.702
83751070,127.0685,37.235096,3,36.696
83607257,127.06296,37.3153,2,36.691
88310875,127.229004,37.276134,3,36.678
84711214,127.10184,37.327156,3,36.67
84823099,127.10604,37.278492,3,36.661
86087025,127.15058,37.280888,2,36.625
85207108,127.1195,37.29341,2,36.61
88918958,127.25025,37.330715,3,36.607
85159078,127.11788,37.278534,2,36.601
88934947,127.25083,37.32621,2,36.568
87062863,127.18518,37.235462,3,36.549
84215127,127.08463,37.273914,2,36.547
84023249,127.07758,37.323463,2,36.513000000000005
84039242,127.07816,37.320763,2,36.472
84935087,127.11,37.276253,2,36.468
85015191,127.112564,37.325386,2,36.468
86679116,127.1712,37.338634,2,36.465
85062964,127.11478,37.224438,2,36.456
84423096,127.092,37.265827,3,36.454
84231226,127.084946,37.318985,2,36.349
87174847,127.18914,37.23142,3,36.293
86279011,127.15736,37.280006,3,36.288
89334718,127.26523,37.2343,2,36.279
84471221,127.09338,37.32352,2,36.269000000000005
85814986,127.14111,37.25562,3,36.206
86199021,127.154526,37.28225,3,36.178
85879038,127.14325,37.280865,2,36.168
86662872,127.17112,37.228214,2,36.126000000000005
83751207,127.068146,37.29684,3,36.11
85399098,127.12627,37.294334,2,36.097
85207174,127.11935,37.323154,2,36.086
84887207,127.10803,37.32898,2,36.07
84535222,127.095634,37.325783,2,36.036
85367179,127.12496,37.329933,2,36.025000000000006
84039227,127.0782,37.314003,2,35.982
84167128,127.08295,37.273006,2,35.964
87654729,127.20621,37.1918,2,35.953
84471273,127.09326,37.346954,2,35.94
88950811,127.251595,37.265366,2,35.879999999999995
87782681,127.21078,37.173782,2,35.875
84055230,127.07876,37.315807,2,35.875
85175189,127.118195,37.32901,2,35.84
85303196,127.12267,37.335785,2,35.83800000000001
84823074,127.106094,37.267227,3,35.831
85495038,127.12977,37.270008,3,35.802
87510834,127.200966,37.235054,3,35.795
84263209,127.08611,37.31223,2,35.782
84407182,127.09123,37.304134,2,35.764
84887091,127.10831,37.2767,3,35.76
86150989,127.15291,37.26647,2,35.728
89222978,127.26092,37.348316,2,35.717
87238851,127.19138,37.235027,3,35.615
84871153,127.1076,37.304188,3,35.544
88470712,127.23488,37.20719,3,35.489999999999995
86183027,127.15395,37.284504,3,35.47
85047092,127.113914,37.281673,3,35.468
84791084,127.10495,37.27083,3,35.25
87318848,127.1942,37.23594,3,35.195
85703020,127.13711,37.267776,3,35.144
88102554,127.22222,37.125584,3,34.74
88902962,127.24968,37.332066,3,34.47
84935089,127.10999,37.277153,3,34.295
89670744,127.277,37.2555,3,33.781000000000006
91446406,127.339806,37.153294,3,33.583
85175069,127.11846,37.27493,3,33.528
87574826,127.203224,37.233257,3,33.46
84455094,127.09313,37.26583,3,33.4
84807070,127.105545,37.264973,3,33.21
87846891,127.21267,37.270237,3,33.086
85063093,127.11448,37.282578,3,32.461
87878672,127.214165,37.17244,3,32.29
87782734,127.210686,37.19767,3,32.29
85222959,127.1204,37.22671,3,32.069
86839118,127.17683,37.34406,3,32.008
