시군명,관리번호,인허가일자,사업장명,통합영업상태명,영업상태명,소재지시설전화번호,소재지면적(㎡),소재지도로명주소,소재지지번주소,소재지우편번호,WGS84위도,WGS84경도,업태구분명정보,X좌표값,Y좌표값
용인시,4050000-201-2006-00002,20060728,오스카호텔,영업/정상,영업,031 337 0015,"1,897.63",경기도 용인시 처인구 금령로90번길 3-10,경기도 용인시 처인구 김량장동 88 외1필지 ,17051,37.23501405,127.2068373,일반호텔,218281.9812,414807.8019
용인시,4050000-201-2003-10011,20031107,호텔 M7,영업/정상,영업,031 275 6900,"1,547.32",경기도 용인시 기흥구 갈천로7번길 51 (신갈동),경기도 용인시 기흥구 신갈동 71-30 ,446597,37.27037764,127.1050427,일반호텔,209245.4726,418715.7922
용인시,4050000-201-2016-00002,20160503,(주)더숨디앤씨,영업/정상,영업,15222777,"4,912.17","경기도 용인시 처인구 포곡읍 성산로 633, A,B,C,D,E동","경기도 용인시 처인구 포곡읍 전대리 473-13번지 A,B,C,D,E동 ",449815,37.2867977,127.208289,관광호텔,218403.9134,420565.2682
용인시,4050000-201-1984-00004,19840724,양지장,영업/정상,영업,031 338 3724,371.86,경기도 용인시 처인구 양지면 양지로 142-5,경기도 용인시 처인구 양지면 양지리 575-2 ,449823,37.23405329,127.2840651,여관업,225138.846,414724.1753
용인시,4050000-201-2016-00004,20161215,레미니스호텔,영업/정상,영업,031 286 5121,"1,004.49",경기도 용인시 기흥구 기흥단지로 53 (고매동),경기도 용인시 기흥구 고매동 411-22 ,446901,37.2257925,127.1044638,일반호텔,209213.041,413769.0575
용인시,4050000-201-2007-00002,20071115,라고,영업/정상,영업,031 281 3601,"2,629.30",경기도 용인시 기흥구 신정로237번길 5-5 (신갈동),경기도 용인시 기흥구 신갈동 536-5 ,446599,37.28857656,127.0969489,일반호텔,208536.2626,420741.0129
용인시,4050000-201-2017-00002,20170214,나인,영업/정상,영업,031 333 1919,"1,405.71",경기도 용인시 처인구 원삼면 좌전로 142,경기도 용인시 처인구 원삼면 좌항리 20-9번지 ,449871,37.2082236,127.3204226,숙박업 기타,228378.2917,411871.7023
용인시,4050000-201-2017-00001,20170123,홈브리지캐빈호스텔,영업/정상,영업,031 320 9740,"5,815.00","경기도 용인시 처인구 포곡읍 에버랜드로 199, 삼성에버랜드",경기도 용인시 처인구 포곡읍 전대리 310 삼성에버랜드 ,449715,37.28996008,127.2165862,숙박업 기타,219138.4246,420903.9648
용인시,4050000-201-2004-10009,20041108,코리아골프빌리지 대우그린카운티,영업/정상,영업,031 2869111,"19,183.84",경기도 용인시 기흥구 기흥단지로 415 (고매동),경기도 용인시 기흥구 고매동 30-2번지 ,446901,37.2209982,127.1372749,휴양콘도미니엄업,212117.592,413250.6122
용인시,4050000-201-2014-00002,20141029,써닝텔,영업/정상,영업,031 329 0714,508.08,경기도 용인시 처인구 백암면 고안로51번길 205,"경기도 용인시 처인구 백암면 고안리 633-4 1,2층 ",449863,37.14309933,127.4202109,일반호텔,237217.0749,405194.4055
용인시,4050000-201-2008-00002,20081024,호텔몬트,영업/정상,영업,031 2750700,"2,402.57",경기도 용인시 기흥구 신정로237번길 5-6 (신갈동),경기도 용인시 기흥구 신갈동 536-6 ,446599,37.28862028,127.0965538,일반호텔,208475.7755,420753.2851
용인시,4050000-201-1987-00002,19870715,J모텔,영업/정상,영업,031 335 3229,381,경기도 용인시 처인구 중부대로 1493-5 (김량장동),경기도 용인시 처인구 김량장동 63-11 ,449924,37.23375028,127.209762,여관업,218547.0159,414661.0634
용인시,4050000-201-1985-10003,19850731,대호장,영업/정상,영업,031 283 7676,350,경기도 용인시 기흥구 신갈로68번길 2 (신갈동),경기도 용인시 기흥구 신갈동 60 ,446597,37.27256173,127.1058547,여관업,209319.1096,418960.4954
용인시,4050000-201-2000-00009,20000208,호텔마리,영업/정상,영업,031321 0212,967.89,경기도 용인시 처인구 양지면 남평로 73-5,경기도 용인시 처인구 양지면 양지리 138-42 ,449823,37.22892948,127.2920046,여관업,225837.6344,414144.6011
용인시,4050000-201-2017-00010,20171031,와우(WOW),영업/정상,영업,031 334 0505,853.78,경기도 용인시 처인구 중부대로 1417-1 (김량장동),경기도 용인시 처인구 김량장동 337-9번지 ,449926,37.2330534,127.2017876,여관업,217839.957,414601.179
용인시,4050000-201-2003-20013,20031213,호텔 문라이즈(Hotel Moonrise),영업/정상,영업,031 261 5335,"1,721.67",경기도 용인시 수지구 풍덕천로190번길 26 (풍덕천동),경기도 용인시 수지구 풍덕천동 69-41 ,448505,37.32432513,127.1021081,일반호텔,208978.0802,424706.3418
용인시,4050000-201-2004-00010,20041210,호텔 컬리넌 용인,영업/정상,영업,031 335 5454,"2,620.14","경기도 용인시 처인구 백옥대로 1102 (김량장동,외2필지)",경기도 용인시 처인구 김량장동 63-10번지 외2필지 ,449924,37.2337702,127.2094298,일반호텔,218504.5219,414677.0597
용인시,4050000-201-1994-00007,19940118,자연파크,영업/정상,영업,031 322 7311,636.6,경기도 용인시 처인구 포곡읍 전대로78번길 14-4,경기도 용인시 처인구 포곡읍 전대리 191-36 ,449815,37.28608641,127.2175596,일반호텔,219220.5703,420481.5976
용인시,4050000-201-2002-00002,20020218,발렌타인,영업/정상,영업,031 321 0490,"1,251.57",경기도 용인시 처인구 백옥대로 910 (남동),경기도 용인시 처인구 남동 348-4 ,449030,37.21724293,127.2086982,일반호텔,218418.6842,412832.5398
용인시,4050000-201-1991-00001,19910114,성산모텔,영업/정상,영업,031 321 1312,490.95,경기도 용인시 처인구 금령로107번길 16 (김량장동),경기도 용인시 처인구 김량장동 139-22 ,449924,37.23712663,127.2081707,여관업,218403.0532,415040.3635
용인시,4050000-201-1997-10002,19970113,큐 모텔,영업/정상,영업,031 285 4242,"1,282.25",경기도 용인시 기흥구 신갈로58번길 29-18 (신갈동),경기도 용인시 기흥구 신갈동 50-16 ,446596,37.27372597,127.1090069,일반호텔,209599.0786,419089.3419
용인시,4050000-201-2002-10009,20021107,Hotel 9 teen,영업/정상,영업,031 285 0707,"1,434.57",경기도 용인시 기흥구 신정로237번길 7 (신갈동),경기도 용인시 기흥구 신갈동 536-12 ,446599,37.28898053,127.0964616,일반호텔,208489.2306,420779.1595
용인시,4050000-214-2014-00001,20140718,남사 룸앤텔,영업/정상,영업,,756,경기도 용인시 처인구 남사읍 처인성로 309,"경기도 용인시 처인구 남사읍 방아리 111-2 2층,3층,4층 ",17123,37.11753686,127.1609825,숙박업(생활),214237.7301,401767.6163
용인시,4050000-201-1988-00001,19880226,신라장,영업/정상,영업,031 338 3225,401.9,경기도 용인시 처인구 금령로106번길 7 (김량장동),경기도 용인시 처인구 김량장동 103-3번지 ,449924,37.23483728,127.2082584,여관업,218409.1012,414788.6505
용인시,4050000-201-2006-20001,20060809,홀인원,영업/정상,영업,031 896 8738,995.24,경기도 용인시 수지구 풍덕천로190번길 3-14 (풍덕천동),경기도 용인시 수지구 풍덕천동 922번지 ,448854,37.3259843,127.1024966,여관업,209019.4781,424898.9581
용인시,4050000-201-1990-10006,19900224,G모텔,영업/정상,영업,031 281 1814,866,경기도 용인시 기흥구 신갈로58번길 29-7 (신갈동),경기도 용인시 기흥구 신갈동 51-2 ,446596,37.27333733,127.1086931,여관업,209572.6,419051.7359
용인시,4050000-201-1997-10003,19970924,호텔 비엔,영업/정상,영업,031 284 7400,"1,012.84",경기도 용인시 기흥구 기흥단지로 47 (고매동),경기도 용인시 기흥구 고매동 411-23 ,446901,37.22532257,127.1041055,일반호텔,209177.6421,413714.7799
용인시,4050000-201-1982-00002,19820424,삼흥여인숙,영업/정상,영업,031 335 2261,264,경기도 용인시 처인구 백옥대로 1124-2 (김량장동),경기도 용인시 처인구 김량장동 143-7 ,449924,37.23581265,127.20901,여인숙업,218484.2439,414910.2249
용인시,4050000-201-1994-00001,19941208,스튜디오9호텔,영업/정상,영업,,239.61,경기도 용인시 처인구 금령로106번길 6 (김량장동),경기도 용인시 처인구 김량장동 102-1번지 ,449924,37.23497117,127.2079343,여관업,218386.4809,414813.489
용인시,4050000-201-1993-10001,19930709,골드훼미리콘도미니엄,영업/정상,영업,031 286 9111,"5,706.00",경기도 용인시 기흥구 기흥단지로 406 (고매동),경기도 용인시 기흥구 고매동 5-73 ,446901,37.22101641,127.1387432,휴양콘도미니엄업,212199.3979,413149.4067
용인시,4050000-201-1990-10007,19901019,이화모텔,영업/정상,영업,031 283 3691,709.85,경기도 용인시 기흥구 갈천로 70 (상갈동),경기도 용인시 기흥구 상갈동 101-4 ,446905,37.2698613,127.1069854,여관업,209419.2288,418662.3909
용인시,4050000-201-1996-00004,19961009,백암파크,영업/정상,영업,031 339 5733,"1,067.16",경기도 용인시 처인구 백암면 백암로 31-7,경기도 용인시 처인구 백암면 백봉리 832 ,449865,37.15150775,127.3850553,일반호텔,234137.4344,405593.651
용인시,4050000-201-2008-00001,20080402,메리엘,영업/정상,영업,031 281 2031,"1,401.17",경기도 용인시 기흥구 신정로 235 (신갈동),경기도 용인시 기흥구 신갈동 537-31번지 ,446599,37.28898385,127.0969672,여관업,208531.9686,420790.933
용인시,4050000-201-2018-00001,20180912,골든튤립에버용인호텔,영업/정상,영업,031 80973300,"16,785.76","경기도 용인시 처인구 포곡읍 전대로78번길 19-2, 골든튤립에버용인호텔",경기도 용인시 처인구 포곡읍 전대리 356-1번지 골든튤립에버용인호텔 ,449815,37.2869629,127.2167584,일반호텔,219154.823,420584.2069
용인시,4050000-201-1991-10006,19910928,산까치장,영업/정상,영업,031 283 6095,226.32,경기도 용인시 기흥구 마북로 61 (마북동),경기도 용인시 기흥구 마북동 280번지 ,446508,37.2969303,127.1179322,여관업,210391.0273,421674.7345
용인시,4050000-201-2018-00003,20180917,제니스,영업/정상,영업,031 335 5060,589.74,"경기도 용인시 처인구 이동읍 화산로 15-1, 가,나동",경기도 용인시 처인구 이동읍 화산리 664-9 ,17135,37.1461918,127.2043203,일반호텔,218082.2067,404945.8981
용인시,4050000-201-1996-10002,19960628,남양모텔,영업/정상,영업,031 281 8291,752.3,"경기도 용인시 기흥구 중부대로 313, 4,5층 (신갈동)",경기도 용인시 기흥구 신갈동 455-8 ,446599,37.27076341,127.1018036,여관업,208964.5499,418754.8794
용인시,4050000-201-2000-00001,20001110,호텔 에비뉴,영업/정상,영업,031 338 4111,"1,185.00",경기도 용인시 처인구 중부대로1576번길 50 (마평동),경기도 용인시 처인구 마평동 508-7번지 ,449928,37.23244467,127.2249319,일반호텔,219893.4885,414536.4622
용인시,4050000-201-1984-00003,19841130,온천장,영업/정상,영업,031338 3130,132,경기도 용인시 처인구 양지면 양지로 142,경기도 용인시 처인구 양지면 양지리 573-1 ,449823,37.2343957,127.2839965,여관업,225130.3113,414752.832
용인시,4050000-201-1999-00001,19990122,낙원여인숙,영업/정상,영업,031 335 3765,129.83,경기도 용인시 처인구 용문로 196-1 (김량장동),경기도 용인시 처인구 김량장동 133-99 ,449924,37.23735009,127.2074032,여인숙업,218334.8595,415064.3823
용인시,4050000-201-2000-00010,20000414,베네치아모텔,영업/정상,영업,031 338 2122,832.82,경기도 용인시 처인구 양지면 남평로 73-6,경기도 용인시 처인구 양지면 양지리 138-55 ,449823,37.22866851,127.2922533,여관업,225856.5232,414119.0003
용인시,4050000-201-1983-00001,19830824,경림장여관,영업/정상,영업,031 335 2406,396,경기도 용인시 처인구 금령로90번길 9 (김량장동),경기도 용인시 처인구 김량장동 85-7 ,449924,37.23453508,127.2063431,여관업,218239.7326,414753.8694
용인시,4050000-201-2017-00004,20170403,호텔야자 용인터미널지점,영업/정상,영업,031 337 3704,969.61,경기도 용인시 처인구 금령로 110-8,경기도 용인시 처인구 김량장동 104-1 ,17051,37.23488285,127.2084612,일반호텔,218427.1447,414797.8799
용인시,4050000-201-2003-10002,20030204,Monterey17 Hotel,영업/정상,영업,031 287 9522,"1,404.59",경기도 용인시 기흥구 사은로 173 (지곡동),경기도 용인시 기흥구 지곡동 611-1 ,446909,37.25616233,127.124344,일반호텔,210956.3574,417146.3406
용인시,4050000-201-2012-00001,20120830,리 디자인 호텔,영업/정상,영업,031 284 3434,"5,312.11",경기도 용인시 기흥구 동백3로11번길 43 (중동),경기도 용인시 기흥구 중동 845-1 ,446529,37.27224181,127.150353,일반호텔,213271.7035,418934.8518
용인시,4050000-201-1975-00001,19750503,드림파크,영업/정상,영업,031 335 2436,399,경기도 용인시 처인구 금령로71번길 6-12 (김량장동),경기도 용인시 처인구 김량장동 254-34 ,449925,37.23576725,127.2052335,여관업,218141.2912,414890.0495
용인시,4050000-201-2002-10001,20020107,윈져캐슬관광호텔,영업/정상,영업,031 895 5000,"1,653.00",경기도 용인시 기흥구 신정로 212 (신갈동),경기도 용인시 기흥구 신갈동 297-10 ,446598,37.28919861,127.0996307,관광호텔,208762.5922,420812.6394
용인시,4050000-201-2004-10008,20040819,호텔오다(Hotel ODA),영업/정상,영업,031 285 5100,"1,107.00",경기도 용인시 기흥구 신정로 220 (신갈동),경기도 용인시 기흥구 신갈동 297-25 ,446598,37.28935012,127.0991222,일반호텔,208714.8498,420819.4969
용인시,4050000-201-1987-00001,19870627,삼성모텔,영업/정상,영업,031 333 2171,687,"경기도 용인시 처인구 금령로 9 (김량장동,,17호)","경기도 용인시 처인구 김량장동 293-16번지 ,17호 ",449020,37.23493524,127.1971835,여관업,217445.92,414808.014
용인시,4050000-201-2016-00003,20160720,엠스테이호텔 경기기흥,영업/정상,영업,031 337 8890,"7,293.92","경기도 용인시 기흥구 서천로117번길 7 (서천동, 기흥 M-STAY호텔))",경기도 용인시 기흥구 서천동 806 ,446906,37.2373132,127.073524,일반호텔,206450.5069,415046.3771
용인시,4050000-201-1976-00001,19760902,대원여인숙,영업/정상,영업,031 337 0157,287,경기도 용인시 처인구 금령로107번길 6 (김량장동),경기도 용인시 처인구 김량장동 115-14번지 ,449924,37.2359977,127.2082638,여인숙업,218414.3665,414925.8096
용인시,4050000-201-2017-00005,20170627,동도씨앤디주식회사 용인이스키아호텔지점,영업/정상,영업,031 693 9661,"5,378.60",경기도 용인시 기흥구 동백3로11번길 37 (중동),경기도 용인시 기흥구 중동 845-4 ,446529,37.27177475,127.1509192,일반호텔,213315.048,418878.9668
용인시,4050000-201-2004-20005,20040624,Vole(볼) 호텔,영업/정상,영업,031 264 8787,"1,445.23",경기도 용인시 수지구 신수로 623 (풍덕천동),경기도 용인시 수지구 풍덕천동 933번지 ,448854,37.3252634,127.1025521,일반호텔,209024.0345,424818.8361
용인시,4050000-201-2001-00007,20011117,휘닉스모텔,영업/정상,영업,031 322 8680,824.7,경기도 용인시 처인구 금령로117번길 13 (김량장동),경기도 용인시 처인구 김량장동 143-12 ,449924,37.23679539,127.2090965,여관업,218483.9048,415005.5667
용인시,4050000-201-1995-00004,19951222,호텔스테이,영업/정상,영업,031 338 6261,817.72,경기도 용인시 처인구 금령로 142-1 (마평동),경기도 용인시 처인구 마평동 625-2 ,449929,37.23481058,127.2120803,일반호텔,218750.2358,414789.5237
용인시,4050000-201-1995-00002,19950912,T7 HOTEL,영업/정상,영업,031 335 2311,814.44,경기도 용인시 처인구 백옥대로 1130 (김량장동),경기도 용인시 처인구 김량장동 121-1 ,449924,37.23646165,127.2090075,여관업,218477.3831,414971.0458
용인시,4050000-201-2000-00008,20001005,알리앙스,영업/정상,영업,031332 1138,"1,659.84",경기도 용인시 처인구 모현읍 백옥대로 2326,경기도 용인시 처인구 모현읍 왕산리 445-1 외1필지 ,17035,37.33177264,127.247054,일반호텔,221821.2089,425561.2863
용인시,4050000-201-1995-00001,19950615,필모텔,영업/정상,영업,031 338 4437,"1,023.51",경기도 용인시 처인구 중부대로 1412 (김량장동),경기도 용인시 처인구 김량장동 344-1번지 ,449926,37.2325502,127.2009862,일반호텔,217770.328,414541.822
용인시,4050000-201-1994-10005,19941229,소설스미스,영업/정상,영업,031 693 8412,"1,160.74",경기도 용인시 기흥구 민속촌로 57,경기도 용인시 기흥구 보라동 300-2 ,17074,37.25580402,127.1110843,관광호텔,209783.7659,417107.3884
용인시,4050000-201-1999-20003,19990406,리젠드호텔,영업/정상,영업,031 264 8266,"1,720.97",경기도 용인시 수지구 풍덕천로190번길 9 (풍덕천동),경기도 용인시 수지구 풍덕천동 912 ,448854,37.32563246,127.1022028,일반호텔,208987.6689,424857.4495
용인시,4050000-201-2001-10002,20010112,그래이스모텔,영업/정상,영업,031 282 1120,"1,547.89",경기도 용인시 기흥구 용구대로2219번길 14 (신갈동),경기도 용인시 기흥구 신갈동 246-6번지 외1필지 ,446598,37.2871837,127.1054338,일반호텔,209332.0138,420655.2845
용인시,4050000-201-1998-00007,19980228,Q(큐)호텔,영업/정상,영업,031339 8881,"1,222.58",경기도 용인시 처인구 포곡읍 전대로110번길 10-3,경기도 용인시 처인구 포곡읍 전대리 355-15번지 ,449815,37.2868472,127.2159236,일반호텔,219082.2972,420572.2497
용인시,4050000-201-2004-00007,20040803,리스텔,영업/정상,영업,031 338 1535,"1,251.03",경기도 용인시 처인구 양지면 남평로 85,경기도 용인시 처인구 양지면 양지리 129-11 ,449823,37.22776837,127.2929772,여관업,225926.0729,414024.3668
용인시,4050000-201-1997-00006,19970828,리츠모텔,영업/정상,영업,031 334 3573,797.43,경기도 용인시 처인구 포곡읍 전대로78번길 18-1,경기도 용인시 처인구 포곡읍 전대리 191-28 ,449815,37.28652763,127.2173662,여관업,219219.8367,420519.9262
용인시,4050000-201-1989-00003,19891206,로얄파크,영업/정상,영업,031 335 7118,507.38,경기도 용인시 처인구 중부대로 1493-7 (김량장동),경기도 용인시 처인구 김량장동 63-1 ,449924,37.23385828,127.209694,여관업,218539.6797,414680.2123
용인시,4050000-201-2004-00011,20041221,SR 디자인 호텔,영업/정상,영업,031 3389402,"3,345.32",경기도 용인시 처인구 금령로90번길 5 (김량장동),경기도 용인시 처인구 김량장동 87-1 ,449924,37.23483313,127.2065787,일반호텔,218260.4181,414787.8576
용인시,4050000-201-2003-20008,20030808,수지스테이25,영업/정상,영업,031 276 0067,"1,369.40",경기도 용인시 수지구 신수로 613,경기도 용인시 수지구 풍덕천동 1005 ,16833,37.32454332,127.10266,일반호텔,209027.8467,424727.4921
용인시,4050000-201-1996-00003,19961017,에버파크,영업/정상,영업,031 333 1105,686.1,경기도 용인시 처인구 포곡읍 전대로 88,경기도 용인시 처인구 포곡읍 전대리 360-2번지 ,449815,37.2854315,127.2165624,여관업,219140.0184,420416.0514
용인시,4050000-201-2003-00007,20030728,모텔클레식,영업/정상,영업,031 323 2222,"1,566.64",경기도 용인시 처인구 백암면 죽양대로 1189,경기도 용인시 처인구 백암면 백암리 246번지 ,449862,37.16908568,127.376378,일반호텔,233353.6833,407531.5952
용인시,4050000-201-2011-00002,20110530,미니여관,영업/정상,영업,031 321 0480,582.62,경기도 용인시 처인구 금령로71번길 6-4 (김량장동),경기도 용인시 처인구 김량장동 254-72 ,449925,37.23551343,127.2046595,여관업,218092.7073,414864.0051
용인시,4050000-214-1988-00001,19850419,한화호텔앤드리조트(주)용인,영업/정상,영업,031 332 1122,"13,078.00",경기도 용인시 처인구 남사읍 봉무로153번길 79,경기도 용인시 처인구 남사읍 봉무리 257-1 ,17119,37.13300951,127.1410084,숙박업(생활),213084.4439,404789.8474
용인시,4050000-201-2000-20006,20000816,IMT호텔,영업/정상,영업,031 265 6761,"1,987.98",경기도 용인시 수지구 풍덕천로190번길 13 (풍덕천동),경기도 용인시 수지구 풍덕천동 920 ,448854,37.32536228,127.102272,일반호텔,208993.5118,424820.6486
용인시,4050000-201-2002-00008,20020215,호텔베너,영업/정상,영업,031 321 4106,"1,711.39",경기도 용인시 처인구 양지면 남평로 51-8,경기도 용인시 처인구 양지면 양지리 493-54 ,449823,37.23015301,127.2906484,일반호텔,225712.9083,414292.1316
용인시,4050000-201-2013-00001,20130311,샹그리아,영업/정상,영업,031 322 6760,"1,606.17",경기도 용인시 처인구 양지면 양지로148번길 11,경기도 용인시 처인구 양지면 양지리 581-3 ,449823,37.23349584,127.2848446,일반호텔,225205.9897,414657.4453
용인시,4050000-201-1989-20007,19891227,유토피아모텔,영업/정상,영업,031 276 6331,396,경기도 용인시 수지구 풍덕천로190번길 19-1 (풍덕천동),경기도 용인시 수지구 풍덕천동 941 ,448854,37.32483111,127.1024666,여관업,209008.4697,424758.9848
용인시,4050000-201-1991-00007,19911023,힐(HILL)모텔,영업/정상,영업,031 333 1406,583.38,경기도 용인시 처인구 이동읍 백옥대로 568,경기도 용인시 처인구 이동읍 천리 147-4 ,17128,37.18750773,127.2059732,여관업,218235.5596,409530.423
용인시,4050000-201-1989-00002,19891113,자주모텔,영업/정상,영업,031 335 1573,221.37,경기도 용인시 처인구 금령로107번길 15 (김량장동),경기도 용인시 처인구 김량장동 136-4 ,449924,37.23702712,127.2080245,여관업,218380.9417,415032.0664
용인시,4050000-201-2017-00008,20170913,뉴스카이,영업/정상,영업,031 339 0064,"2,009.02",경기도 용인시 처인구 백암면 고안로 50,경기도 용인시 처인구 백암면 고안리 490-2 ,449863,37.1327201,127.4029399,관광호텔,235736.6442,403517.0889
용인시,4050000-201-2006-10001,20061030,코리아골프빌리지 기흥아펠바움,영업/정상,영업,,"17,346.26",경기도 용인시 기흥구 기흥단지로 394 (고매동),경기도 용인시 기흥구 고매동 5-56번지 ,446901,37.2169916,127.1345751,휴양콘도미니엄업,211878.7463,412805.8033
용인시,4050000-201-1989-10008,19891010,벨리노에스 호텔,영업/정상,영업,031 287 6200,322.35,경기도 용인시 기흥구 용구대로 2361 (마북동),경기도 용인시 기흥구 마북동 476-5 외1필지 ,446912,37.2971345,127.1088068,일반호텔,209564.0118,421682.3925
용인시,4050000-201-1985-10004,19850810,M모텔,영업/정상,영업,031 283 2653,889.56,경기도 용인시 기흥구 신갈로58번길 29-21 (신갈동),경기도 용인시 기흥구 신갈동 52-8번지 ,446596,37.2737918,127.1085275,일반호텔,209560.0569,419108.7261
용인시,4050000-201-2004-10001,20040112,스카이호텔,영업/정상,영업,031 282 4608,"2,240.80",경기도 용인시 기흥구 갈천로7번길 83 (신갈동),경기도 용인시 기흥구 신갈동 68-7번지 ,446597,37.2712149,127.1084337,일반호텔,209551.8313,418819.5457
용인시,4050000-201-1990-10010,19900707,청실장,영업/정상,영업,031 283 5695,525.15,경기도 용인시 기흥구 갈천로 78 (상갈동),경기도 용인시 기흥구 상갈동 123 ,446905,37.27006256,127.1078754,여관업,209498.0609,418679.8886
용인시,4050000-201-1995-00010,19950109,STAY HOTEL,영업/정상,영업,031 336 7687,332.32,경기도 용인시 처인구 양지면 남평로 367,경기도 용인시 처인구 양지면 평창리 676 ,449821,37.22084645,127.315314,일반호텔,227916.4995,413260.3814
용인시,4050000-201-2018-00002,20180917,라데팡스,영업/정상,영업,031 335 5560,604.7,경기도 용인시 처인구 이동읍 화산로 15,경기도 용인시 처인구 이동읍 화산리 664-18 ,17135,37.14593882,127.2040848,일반호텔,218056.7493,404908.575
용인시,4050000-201-1985-10005,19850914,마징가 모텔,영업/정상,영업,031 286 5265,120,경기도 용인시 기흥구 농서로 2 (고매동),경기도 용인시 기흥구 고매동 696-4 ,446901,37.22221772,127.0975615,여관업,208588.1375,413374.6442
용인시,4050000-201-2000-00011,20001109,호텔카사,영업/정상,영업,031 321 1353,"1,036.00",경기도 용인시 처인구 양지면 남평로 73-1,경기도 용인시 처인구 양지면 양지리 138-3 ,449823,37.22875749,127.2915879,일반호텔,225809.3145,414126.6589
용인시,4050000-201-2016-00001,20160128,얼레이호텔,영업/정상,영업,031 693 9181,"4,117.00","경기도 용인시 기흥구 신정로 231, 1, 2동 1-8층 (신갈동)","경기도 용인시 기흥구 신갈동 536-4번지 외 2필지 1,2동 ",446599,37.2884878,127.0974965,관광호텔,208578.4819,420736.5046
용인시,4050000-201-1994-00003,19940916,칼리야 모텔,영업/정상,영업,3390071,693.84,경기도 용인시 처인구 중부대로 1077 (삼가동),경기도 용인시 처인구 삼가동 208-7 ,449060,37.24360737,127.1670371,일반호텔,214744.6601,415758.8402
용인시,4050000-201-1998-00001,19980227,초콜릿,영업/정상,영업,031 336 9249,894.69,경기도 용인시 처인구 중부대로 1493-3,경기도 용인시 처인구 김량장동 63-12 ,17051,37.23353422,127.2098756,여관업,218553.8608,414643.146
용인시,4050000-201-1990-00001,19901101,그린장여관,영업/정상,영업,031 336 1900,727.2,경기도 용인시 처인구 중부대로 1379 (김량장동),경기도 용인시 처인구 김량장동 329-1 ,449926,37.23417146,127.1979569,여관업,217494.4221,414704.2645
용인시,4050000-201-1997-00004,19970116,대성파크,영업/정상,영업,031 339 0589,989.9,경기도 용인시 처인구 포곡읍 전대로78번길 7,경기도 용인시 처인구 포곡읍 전대리 361-2 ,449815,37.28559834,127.2170087,여관업,219173.2063,420423.3921
용인시,4050000-201-2000-10003,20001212,에이스호텔,영업/정상,영업,031 281 1421,"1,873.00",경기도 용인시 기흥구 신갈로 5-15 (상갈동),경기도 용인시 기흥구 상갈동 165-5번지 ,446905,37.2685419,127.1049125,일반호텔,209239.4651,418524.2176
용인시,4050000-201-2017-00009,20170921,용인라마다호텔,영업/정상,영업,031 80977505,"20,243.75",경기도 용인시 처인구 포곡읍 마성로 420,경기도 용인시 처인구 포곡읍 전대리 356-6번지 ,449815,37.2865127,127.2165429,일반호텔,219137.7826,420535.7346
용인시,4050000-201-1990-00002,19900802,리스빌,영업/정상,영업,031 335 2389,418.77,경기도 용인시 처인구 금령로 157 (마평동),경기도 용인시 처인구 마평동 649-3 ,449929,37.23486879,127.2137824,여관업,218902.7981,414795.2344
용인시,4050000-201-1998-10002,19980710,아미부띠끄호텔,영업/정상,영업,031 286 7272,"1,305.02",경기도 용인시 기흥구 기흥단지로 49 (고매동),경기도 용인시 기흥구 고매동 411-19 ,446901,37.22554852,127.1042847,여관업,209194.7849,413739.387
용인시,4050000-201-1983-00004,19830910,우리여인숙,영업/정상,영업,,149.2,경기도 용인시 처인구 금령로107번길 15 (김량장동),경기도 용인시 처인구 김량장동 136-4번지 ,449924,37.23693553,127.207872,여인숙업,218380.9417,415032.0664
용인시,4050000-201-2001-00009,20011217,아이에스모텔,영업/정상,영업,031 3211330,"1,997.76",경기도 용인시 처인구 백옥대로 1255-7 (유방동),경기도 용인시 처인구 유방동 510-1 ,449935,37.24688009,127.2119668,일반호텔,218751.7054,416156.8592
용인시,4050000-201-2001-00008,20011204,하이얀모텔,영업/정상,영업,031 335 2211,830,경기도 용인시 처인구 한터로 58 (유방동),경기도 용인시 처인구 유방동 422-2 ,449935,37.25267117,127.2174025,일반호텔,219208.3711,416758.466
용인시,4050000-201-1995-10006,19951024,선비파크,영업/정상,영업,031 284 7007,928.8,경기도 용인시 기흥구 상갈로 13 (상갈동),경기도 용인시 기흥구 상갈동 122-27 ,446905,37.26779792,127.107233,일반호텔,209441.984,418432.6788
용인시,4050000-201-2002-20010,20021122,벨라지오,영업/정상,영업,031 276 7001,949.02,경기도 용인시 수지구 신수로 629 (풍덕천동),경기도 용인시 수지구 풍덕천동 923 ,448854,37.32594029,127.1026075,여관업,209020.4777,424883.3915
용인시,4050000-201-2017-00003,20170331,썬스테이호텔,영업/정상,영업,031 337 3555,"2,931.40",경기도 용인시 처인구 중부대로 1399 (김량장동),경기도 용인시 처인구 김량장동 336-11 ,449926,37.23322074,127.1998321,일반호텔,217663.5385,414608.4508
용인시,4050000-201-1988-00003,19880908,골든파크,영업/정상,영업,031 335 3497,693,경기도 용인시 처인구 금령로71번길 6-2,경기도 용인시 처인구 김량장동 254-346 ,17052,37.23541357,127.204378,여관업,218068.2331,414853.7712
용인시,4050000-201-1979-10003,19791229,풍원장,영업/정상,영업,031 281 1987,238.45,경기도 용인시 기흥구 신갈로58번길 5,경기도 용인시 기흥구 신갈동 60-13 ,16969,37.27211269,127.1063533,여관업,209359.5805,418925.756
용인시,4050000-201-2003-00010,20030919,모텔쉬리,영업/정상,영업,031 321 0261,460.3,경기도 용인시 처인구 양지면 중부대로 2063,경기도 용인시 처인구 양지면 남곡리 256 ,449821,37.22775519,127.2711195,여관업,223994.4364,414014.7556
용인시,4050000-201-1992-00001,19921212,아트인모텔,영업/정상,영업,031 336 1811,415.89,경기도 용인시 처인구 금령로107번길 5 (김량장동),경기도 용인시 처인구 김량장동 129-2번지 ,449924,37.2359082,127.2079593,여관업,218387.5659,414918.0616
용인시,4050000-201-1991-10005,19910209,호텔 탑,영업/정상,영업,031 284 5001,771.15,경기도 용인시 기흥구 용구대로 2363 (마북동),경기도 용인시 기흥구 마북동 479-1번지 ,446912,37.2972366,127.1083234,여관업,209548.4415,421703.8525
용인시,4050000-201-1981-10001,19811208,신갈장,영업/정상,영업,031 283 2700,386,경기도 용인시 기흥구 갈천로7번길 51-22 (신갈동),경기도 용인시 기흥구 신갈동 71-6 ,446597,37.27105451,127.1052873,여관업,209268.1527,418793.4406
용인시,4050000-201-1998-20004,19980501,G(지)호텔,영업/정상,영업,031 264 2077,"1,406.76","경기도 용인시 수지구 풍덕천로190번길 14 (풍덕천동,외3필지)",경기도 용인시 수지구 풍덕천동 69-28 외3필지 ,448505,37.32529766,127.1018208,일반호텔,208960.2034,424815.7453
용인시,4050000-201-1995-00011,19950708,스위트호텔,영업/정상,영업,031 336 5958,555.61,경기도 용인시 처인구 양지면 중부대로 1944,경기도 용인시 처인구 양지면 송문리 153-2 ,449823,37.22505372,127.2588747,여관업,222903.6864,413712.8401
용인시,4050000-201-1984-00002,19841101,캐슬,영업/정상,영업,031 323 1081,660,경기도 용인시 처인구 금령로71번길 6-15 (김량장동),경기도 용인시 처인구 김량장동 254-15 ,449925,37.23612806,127.2053335,여관업,218151.1265,414937.8383
용인시,4050000-201-1994-00004,19941201,호텔주노,영업/정상,영업,031 337 3008,868.04,경기도 용인시 처인구 중부대로 1081 (삼가동),경기도 용인시 처인구 삼가동 208-9 ,449060,37.24349041,127.1671165,여관업,214759.2972,415740.1709
용인시,4050000-201-1988-10005,19881116,금호장,영업/정상,영업,031 283 5000,924,경기도 용인시 기흥구 금화로108번길 37 (상갈동),경기도 용인시 기흥구 상갈동 100-3 ,446905,37.26976031,127.1064333,여관업,209371.4467,418650.2933
용인시,4050000-201-1998-00006,19980103,모텔모나코,영업/정상,영업,031 332 2232,803.23,경기도 용인시 처인구 포곡읍 포곡로272번길 1,경기도 용인시 처인구 포곡읍 삼계리 562-6 ,449814,37.27925091,127.2318096,여관업,220489.8485,419721.5552
용인시,4050000-201-1982-00004,19821115,천일여관,영업/정상,영업,031 334 9909,64.98,경기도 용인시 처인구 백암면 백원로 537-3,경기도 용인시 처인구 백암면 백암리 407-8 ,449862,37.16531237,127.3713156,여관업,232914.4225,407114.3685
용인시,4050000-201-1974-00001,19740120,카멜레온,영업/정상,영업,031 332 2140,752,"경기도 용인시 처인구 금령로107번길 9 (김량장동,외4필지)",경기도 용인시 처인구 김량장동 131-15 외4필지 ,449924,37.2363511,127.2080384,여관업,218385.6293,414953.1746
용인시,4050000-201-1989-00004,19890204,유림장,영업/정상,영업,031 3357111,195,경기도 용인시 처인구 금령로 136-2 (마평동),경기도 용인시 처인구 마평동 737 ,449929,37.23490759,127.2112006,여관업,218671.1445,414797.6419
용인시,4050000-201-1975-00002,19750503,자자모텔,영업/정상,영업,031 335 3802,145.5,경기도 용인시 처인구 백옥대로 1135-1 (김량장동),경기도 용인시 처인구 김량장동 139-4번지 ,449924,37.2368808,127.2082099,여관업,218408.9521,415023.9325
용인시,4050000-201-2017-00006,20170901,호텔자유1,영업/정상,영업,031 322 8861,"1,018.52",경기도 용인시 처인구 백암면 석실로34번길 20,경기도 용인시 처인구 백암면 가좌리 352-12 ,17174,37.17772839,127.3442129,일반호텔,230497.112,408485.9561
용인시,4050000-201-1994-00008,19941229,영빈파크,영업/정상,영업,031334 9269,796.71,경기도 용인시 처인구 모현읍 곡현로662번길 10,경기도 용인시 처인구 모현읍 매산리 197 ,17031,37.34253313,127.2258834,여관업,219941.0093,426729.9878
용인시,4050000-201-2017-00007,20170901,호텔자유2,영업/정상,영업,031 322 8861,"1,193.44",경기도 용인시 처인구 백암면 석실로34번길 18,경기도 용인시 처인구 백암면 가좌리 352-1 ,17174,37.17769267,127.3444721,일반호텔,230523.8697,408485.3698
용인시,4050000-201-2003-10001,20030113,가즈아,영업/정상,영업,031 281 5858,"1,438.14",경기도 용인시 기흥구 신정로237번길 9 (신갈동),경기도 용인시 기흥구 신갈동 537-57 ,446599,37.28899775,127.0962246,일반호텔,208456.6494,420793.1599
용인시,4050000-201-2007-00001,20070813,호텔172st,영업/정상,영업,031 272 3500,872.87,경기도 용인시 수지구 풍덕천로172번길 19-15 (풍덕천동),경기도 용인시 수지구 풍덕천동 69-86 ,448505,37.3246397,127.1018356,여관업,208955.9487,424740.0345
용인시,4050000-201-2011-00001,20110106,라센트라,영업/정상,영업,031 337 3571,"29,893.33",경기도 용인시 처인구 이동읍 기흥단지로 579-1,경기도 용인시 처인구 이동읍 서리 770번지 ,17125,37.22519204,127.1562683,휴양콘도미니엄업,213803.1612,413719.8242
용인시,4050000-201-1990-00013,19900221,힐탑여관,영업/정상,영업,031 3371144,260,경기도 용인시 처인구 이동읍 경기동로 875-1,경기도 용인시 처인구 이동읍 묘봉리 860-1 ,17138,37.1254306,127.2073393,여관업,218354.5136,402649.2191
용인시,4050000-201-1971-00001,19710929,용인여인숙,영업/정상,영업,031 337 1160,85.8,경기도 용인시 처인구 금령로93번길 2-2 (김량장동),경기도 용인시 처인구 김량장동 133-93 ,449924,37.23583446,127.2068905,여인숙업,218289.3523,414898.8799
용인시,4050000-201-1991-00003,19910816,NO25 용인터미널점,영업/정상,영업,031 336 1182,805.68,경기도 용인시 처인구 금령로117번길 17 (김량장동),경기도 용인시 처인구 김량장동 143-11번지 ,449924,37.2369937,127.2090957,여관업,218484.3997,415024.8357
용인시,4050000-201-2019-00001,20190621,파인관광호텔,영업/정상,영업,031 80150404,"1,643.80","경기도 용인시 기흥구 삼성2로96번길 29-49, 파인관광호텔 (농서동)",경기도 용인시 기흥구 농서동 98-5번지 파인관광호텔 ,446920,37.2191091,127.0844982,관광호텔,,
용인시,4050000-201-1990-00012,19900630,모현모텔,영업/정상,영업,031 3395197,339.6,경기도 용인시 처인구 모현읍 백옥대로2384번길 21-27,경기도 용인시 처인구 모현읍 왕산리 794-22 ,17035,37.33660294,127.2507631,여관업,222153.6089,426089.8578
용인시,4050000-201-1983-00002,19831022,행운모텔,영업/정상,영업,031 332 0139,225,경기도 용인시 처인구 백옥대로 1135 (김량장동),경기도 용인시 처인구 김량장동 139-16 ,449924,37.23681153,127.2083298,여인숙업,218408.4162,415005.7592
용인시,4050000-201-2004-00006,20040803,발리모텔,영업/정상,영업,031 321 4145,"1,049.91",경기도 용인시 처인구 양지면 남평로 51-5,경기도 용인시 처인구 양지면 양지리 493-13번지 ,449823,37.2302503,127.2900566,일반호텔,225674.4418,414307.9904
용인시,4050000-201-1984-00001,19840916,귀빈장여관,영업/정상,영업,031334 9752,337,경기도 용인시 처인구 금령로106번길 7-3 (김량장동),경기도 용인시 처인구 김량장동 103-4 ,449924,37.23475649,127.208394,여관업,218424.1291,414779.0246
용인시,4050000-201-1995-00009,19950325,W(더블유)모텔,영업/정상,영업,031 339 1555,991.06,경기도 용인시 처인구 백암면 백암로226번길 37,경기도 용인시 처인구 백암면 백암리 254-19번지 ,449862,37.1681976,127.376697,여관업,233389.7458,407449.0945
용인시,4050000-201-2018-00004,20181112,아스트로호텔,영업/정상,영업,031 896 9078,"5,461.56","경기도 용인시 수지구 포은대로 479, 지하1~2층, 지상1층, 지상3~19층 (풍덕천동)","경기도 용인시 수지구 풍덕천동 82-8 지하1~2층, 지상1층, 지상3~19층 ",448505,37.32415417,127.1021993,관광호텔,208985.8926,424685.8498
용인시,4050000-201-1988-00002,19880908,수산여인숙,영업/정상,영업,031 322 1130,210,경기도 용인시 처인구 금령로99번길 18-12 (김량장동),경기도 용인시 처인구 김량장동 136-3 ,449924,37.2371616,127.2077309,여인숙업,218363.5326,415044.0871
용인시,4050000-201-1991-00002,19910919,용인장여관,영업/정상,영업,031 335 2937,285.6,경기도 용인시 처인구 금령로99번길 6-3 (김량장동),경기도 용인시 처인구 김량장동 123-1 ,449924,37.23628675,127.2075313,여관업,218341.5544,414948.5251
용인시,4050000-201-1989-20006,19890424,알프스산장,영업/정상,영업,031 262 3278,616,경기도 용인시 수지구 신수로 625 (풍덕천동),경기도 용인시 수지구 풍덕천동 926번지 ,448854,37.3255698,127.1025525,일반호텔,209022.9815,424835.1929
용인시,4050000-201-1997-00005,19970610,G7,영업/정상,영업,031 339 6900,677.08,경기도 용인시 처인구 포곡읍 전대로78번길 14-6,경기도 용인시 처인구 포곡읍 전대리 191-45 ,449815,37.28609575,127.217695,일반호텔,219233.1375,420483.2017
용인시,4050000-201-2003-10009,20030811,엘레강스모텔,영업/정상,영업,031 282 0238,"2,140.16",경기도 용인시 기흥구 신갈로84번길 20-17 (신갈동),경기도 용인시 기흥구 신갈동 52-7번지 ,446596,37.2737919,127.1083584,여관업,209545.3509,419108.4878
용인시,4050000-214-1996-00001,19961231,양지파인리조트,영업/정상,영업,031 338 2001,"20,934.17",경기도 용인시 처인구 양지면 남평로 112,경기도 용인시 처인구 양지면 남곡리 18-1 ,449821,37.21148125,127.2937317,숙박업(생활),226308.2745,412120.9258
용인시,4050000-201-2003-10012,20031112,센츄럴,영업/정상,영업,031 282 1122,"1,265.00",경기도 용인시 기흥구 용구대로2219번길 28 (신갈동),경기도 용인시 기흥구 신갈동 246-7번지 ,446598,37.2880661,127.1061906,일반호텔,209349.6972,420689.9489
용인시,4050000-201-1999-00004,19991216,쉐르나모텔,영업/정상,영업,031 336 5255,594.45,경기도 용인시 처인구 이동읍 경기동로 653-1,경기도 용인시 처인구 이동읍 송전리 913-9 ,17136,37.14227128,127.1939201,여관업,217162.3809,404503.0884
용인시,4050000-201-1994-20006,19940711,메트로21,영업/정상,영업,031 2624454,983.34,"경기도 용인시 수지구 풍덕천로190번길 10 (풍덕천동,외3필지)",경기도 용인시 수지구 풍덕천동 69-27 외3필지 ,448505,37.32547786,127.1017973,여관업,208951.0957,424820.6163
용인시,4050000-201-2017-00011,20171130,용인센트럴코업호텔(yongincentral coophotel),영업/정상,영업,031 336 1100,"21,254.49","경기도 용인시 처인구 중부대로 1216, 2층일부, 3~17층(9층, 13층 제외) (역북동)","경기도 용인시 처인구 역북동 370-3번지 2층일부, 3~17층(9층, 13층 제외) ",449930,37.23741438,127.1799844,일반호텔,215900.3388,415066.4822
용인시,4050000-201-2000-00012,20001124,캐슬,영업/정상,영업,031 321 2729,"1,068.00",경기도 용인시 처인구 양지면 남평로 31,경기도 용인시 처인구 양지면 양지리 492-5 ,449823,37.23160937,127.2884461,일반호텔,225522.4544,414446.6009
용인시,4050000-214-2020-00002,20200417,카라반베이호텔,영업/정상,영업,031 323 5511,"1,908.75",경기도 용인시 처인구 포곡읍 전대로 62,경기도 용인시 처인구 포곡읍 전대리 192-2 ,449815,37.28422354,127.2188301,숙박업(생활),219369.0713,420331.4608
용인시,4050000-214-2022-00001,20220527,(주)청송네트웍스(더트리니호텔),영업/정상,영업,,"18,784.05",경기도 용인시 처인구 중부대로 1218,경기도 용인시 처인구 역북동 370-13 THE TRINY HOTEL ,17053,37.23730792,127.1806162,숙박업(생활),215933.376,415055.7841
용인시,4050000-201-2021-00001,20211105,중앙모텔,영업/정상,영업,,140.6,"경기도 용인시 처인구 금령로99번길 12-5, 2층 일부호 (김량장동)",경기도 용인시 처인구 김량장동 133-13 ,449924,37.23689085,127.2075966,일반호텔,218360.0907,415019.7343
용인시,4050000-201-2020-00001,20200609,브라운도트 용인점,영업/정상,영업,031 334 9877,"1,491.82",경기도 용인시 처인구 금령로106번길 5 (김량장동),경기도 용인시 처인구 김량장동 99-2 ,449924,37.23501745,127.2082127,일반호텔,218418.1255,414819.172
용인시,4050000-214-2021-00001,20211213,성지네트웍스 더트리니호텔,영업/정상,영업,,"2,813.89","경기도 용인시 처인구 중부대로 1218, THE TRINY HOTEL (역북동)",경기도 용인시 처인구 역북동 370-13 THE TRINY HOTEL ,449930,37.23730792,127.1806162,숙박업(생활),215933.376,415055.7841
용인시,4050000-201-1985-10007,19850725,삼화여관,영업/정상,영업,,,경기도 용인시 기흥구 신갈로58번길 7,경기도 용인시 기흥구 신갈동 60-12 ,16969,37.2721584,127.1065449,여관업,209378.7659,418918.843
용인시,4050000-214-2020-00001,20200320,김미화마을,영업/정상,영업,,"1,044.95","경기도 용인시 처인구 원삼면 보개원삼로 1528, 1동~10동",경기도 용인시 처인구 원삼면 목신리 375-3 1동~10동 ,449873,37.13244764,127.3114534,숙박업(생활),227582.1016,403430.8476
용인시,4050000-201-2021-00002,20211220,헤르메스호텔,영업/정상,영업,031 526 7321,986.31,경기도 용인시 처인구 포곡읍 전대로78번길 11-12,경기도 용인시 처인구 포곡읍 전대리 356-11 ,449815,37.28630919,127.216487,일반호텔,219133.2514,420499.0751
용인시,4050000-201-2019-00002,20190805,호텔 헤르메스,영업/정상,영업,031 334 8254,994.58,경기도 용인시 처인구 금령로117번길 19 (김량장동),경기도 용인시 처인구 김량장동 142-22번지 ,449924,37.23707766,127.2090444,여관업,218482.9909,415047.548
용인시,4050000-201-1978-00002,19780601,푸른여인숙,폐업,폐업,,95,경기도 용인시 처인구 양지면 양지로138번길 3 (양지리),경기도 용인시 처인구 양지면 양지리 573-8번지 ,449823,37.2340498,127.2837266,여인숙업,225113.0859,414727.0139
용인시,4050000-201-1995-00007,19950915,모텔프라쟈하우스,폐업,폐업,031 334 3863,711.13,경기도 용인시 처인구 남사면 처인성로 309,경기도 용인시 처인구 남사면 방아리 111-2번지 ,449881,37.1175113,127.160934,여관업,214237.7301,401767.6163
용인시,4050000-201-1990-10004,19900125,아담장,폐업,폐업,031 283 6123,556.44,경기도 용인시 기흥구 중부대로 393 (신갈동),경기도 용인시 기흥구 신갈동 64-20 ,446597,37.272576,127.1101633,여관업,209701.0471,418964.455
용인시,4050000-201-1994-00002,19941228,모델파크,폐업,폐업,3368308,598.88,경기도 용인시 처인구 백옥대로 1104 (김량장동),경기도 용인시 처인구 김량장동 63-9번지 ,449924,37.2340767,127.2093179,여관업,218509.4675,414714.4929
용인시,4050000-201-1978-10003,19781229,덕창장,폐업,폐업,,376,경기도 용인시 기흥구 중부대로 375 (신갈동),경기도 용인시 기흥구 신갈동 63번지 ,446597,37.2721789,127.1085478,여관업,209561.8487,418928.9615
용인시,4050000-201-2000-10002,20001109,제우스,폐업,폐업,031 286 9090,"1,059.00",경기도 용인시 기흥구 원고매로2번길 1 (고매동),경기도 용인시 기흥구 고매동 484-4 ,446901,37.22124791,127.103632,여관업,209129.2235,413273.5739
용인시,4050000-214-2020-00003,20200703,더트리니호텔(THE TRINY HOTEL),폐업,폐업,031 898 0061,"24,984.84",경기도 용인시 처인구 중부대로 1218,"경기도 용인시 처인구 역북동 370-13 지하1층일부, 3~26층일부 ",17053,37.23730792,127.1806162,숙박업(생활),215933.376,415055.7841
용인시,4050000-201-1995-00008,19950106,산수파크,폐업,폐업,031 334 9643,177.55,경기도 용인시 처인구 원삼면 죽양대로 1774 (맹리),경기도 용인시 처인구 원삼면 맹리 559-5번지 ,449871,37.1946116,127.3261097,여관업,228888.2511,410362.4256
용인시,4050000-201-2002-00007,20020607,쁘띠프랑스,폐업,폐업,031 3224265,"1,072.33",경기도 용인시 처인구 포곡읍 곡현로133번길 27,경기도 용인시 처인구 포곡읍 유운리 325-10번지 ,449815,37.2987686,127.220401,일반호텔,219476.3182,421895.497
용인시,4050000-201-1987-10004,19870204,민속장,폐업,폐업,,"1,608.00",경기도 용인시 기흥구 신갈로 2 (상갈동),경기도 용인시 기흥구 상갈동 124-15번지 ,446905,37.2666582,127.1055751,여관업,209298.3753,418315.6347
용인시,4050000-201-2004-10004,20040406,상상호텔1,폐업,폐업,031 281 3011,"2,199.72",경기도 용인시 기흥구 갈천로7번길 73 (신갈동),경기도 용인시 기흥구 신갈동 69-14 ,446597,37.27097093,127.1072616,일반호텔,209465.1805,418792.5986
용인시,4050000-201-1980-20004,19801210,대성여인숙,폐업,폐업,,165,경기도 용인시 수지구 풍덕천로172번길 19-2 (풍덕천동),경기도 용인시 수지구 풍덕천동 69-57번지 ,448505,37.324039,127.101332,여인숙업,208916.0051,424682.9702
용인시,4050000-201-1993-00002,19930108,장원파크,폐업,폐업,031 334 8137,170.88,경기도 용인시 처인구 원삼면 농촌파크로 225 (고당리),경기도 용인시 처인구 원삼면 고당리 65-4번지 ,449872,37.1648931,127.3100297,여관업,227471.9894,407061.3475
용인시,4050000-201-1991-10004,19910925,에덴하우스,폐업,폐업,031 286 2757,104.8,경기도 용인시 기흥구 사은로84번길 3 (보라동),경기도 용인시 기흥구 보라동 283-5번지 ,446904,37.255351,127.1147127,여관업,210112.0817,417061.6981
용인시,4050000-201-1988-10006,19881121,파래스장,폐업,폐업,2828333,460.5,경기도 용인시 기흥구 중부대로 382 (신갈동),경기도 용인시 기흥구 신갈동 68-4번지 ,446597,37.2716555,127.1094152,여관업,209639.5782,418869.9045
용인시,4050000-201-1985-10006,19850725,삼화여관,폐업,폐업,,,경기도 용인시 기흥구 신갈로58번길 7 (신갈동),경기도 용인시 기흥구 신갈동 60-12번지 ,446597,37.2720996,127.1064957,여관업,209378.7659,418918.843
용인시,4050000-201-2000-20007,20001109,스카이1,폐업,폐업,2653555,"1,509.00",경기도 용인시 수지구 신수로671번길 14 (풍덕천동),경기도 용인시 수지구 풍덕천동 71-159번지 ,448505,37.328562,127.1015184,일반호텔,209009.7876,425492.6913
용인시,4050000-201-1975-00003,19750616,명동여인숙,폐업,폐업,,145,경기도 용인시 처인구 포곡읍 전대로78번길 16-1 (전대리),경기도 용인시 처인구 포곡읍 전대리 191-17번지 ,449815,37.2863223,127.2172302,여인숙업,219197.6017,420512.8276
용인시,4050000-201-1998-20003,19980501,힐호텔,폐업,폐업,031 263 6474,"1,472.24",경기도 용인시 수지구 풍덕천로190번길 14-1,경기도 용인시 수지구 풍덕천동 69-30 ,16833,37.32513458,127.1015734,일반호텔,208931.5578,424793.9139
용인시,4050000-201-2002-20014,20020502,파인힐,폐업,폐업,031 2616672,"1,039.13",경기도 용인시 수지구 풍덕천로172번길 19-15 (풍덕천동),경기도 용인시 수지구 풍덕천동 69-86번지 ,448505,37.3245612,127.1017952,여관업,208955.9487,424740.0345
용인시,4050000-201-1982-00001,19820219,서울여관,폐업,폐업,,409,경기도 용인시 처인구 금령로 62 (김량장동),경기도 용인시 처인구 김량장동 295-1번지 ,449925,37.2345196,127.2032339,여관업,217970.0657,414761.6274
용인시,4050000-201-1998-20005,19980710,파인힐,폐업,폐업,2626672,"1,039.13",경기도 용인시 수지구 풍덕천로160번길 9-14 (풍덕천동),경기도 용인시 수지구 풍덕천동 69-76번지 ,448505,37.3243464,127.10008,여관업,208804.8094,424716.5226
용인시,4050000-201-1999-00002,19990428,경기여인숙,폐업,폐업,3355131,134,경기도 용인시 처인구 금령로99번길 3 3층 (김량장동),경기도 용인시 처인구 김량장동 131-4번지 3층 ,449924,37.2357476,127.2070123,여인숙업,218304.7552,414899.5374
용인시,4050000-201-2002-20004,20020402,테마모텔,폐업,폐업,031 2628484,"1,553.48",경기도 용인시 수지구 신수로 623 (풍덕천동),경기도 용인시 수지구 풍덕천동 933번지 ,448854,37.3252634,127.1025521,여관업,209024.0345,424818.8361
용인시,4050000-201-2003-20003,20030224,스카이2,폐업,폐업,031 2760450,"1,999.00",경기도 용인시 수지구 신수로671번길 14 (풍덕천동),경기도 용인시 수지구 풍덕천동 71-168번지 ,448505,37.3283461,127.1011006,일반호텔,209009.7876,425492.6913
용인시,4050000-201-2014-00001,20140418,게스트하우스포유,폐업,폐업,031 3398303,119.48,"경기도 용인시 처인구 금령로 62, 503호 (김량장동, 위너스프라자)",경기도 용인시 처인구 김량장동 295-1번지 ,449925,37.2345196,127.2032339,숙박업 기타,217970.0657,414761.6274
용인시,4050000-201-2004-10003,20040406,상상호텔2,폐업,폐업,031 2835650,"2,199.72",경기도 용인시 기흥구 갈천로7번길 73 (신갈동),경기도 용인시 기흥구 신갈동 69-10 ,446597,37.27097093,127.1072616,일반호텔,209443.2877,418784.5521
용인시,4050000-201-1995-10005,19950719,신라파크모텔,폐업,폐업,031 281 2901,695.07,경기도 용인시 기흥구 중부대로 317 (신갈동),경기도 용인시 기흥구 신갈동 455-5 ,446599,37.27092725,127.1022765,일반호텔,209000.9863,418769.8313
용인시,4050000-201-1981-00002,19810727,만인여관,폐업,폐업,,145,경기도 용인시 처인구 백암면 백원로 537-4 (백암리),경기도 용인시 처인구 백암면 백암리 405-3번지 ,449862,37.1652041,127.3715821,여관업,232937.0876,407113.5576
용인시,4050000-201-1980-00006,19800627,용천여인숙,폐업,폐업,,165,경기도 용인시 처인구 이동읍 원천로 3,경기도 용인시 처인구 이동읍 천리 749-5번지 ,17128,37.1943356,127.2072612,여인숙업,218335.8569,410302.1866
용인시,4050000-214-2016-00001,20160711,폴라리스,폐업,폐업,031 334 7177,"1,120.94",경기도 용인시 처인구 금령로40번길 16-2 (김량장동),경기도 용인시 처인구 김량장동 335-8번지 ,449926,37.2334433,127.2003236,숙박업(생활),217710.0421,414643.0732
용인시,4050000-201-1998-10008,19980228,영덕여인숙,폐업,폐업,,199.83,경기도 용인시 기흥구 중부대로 13 (영덕동),경기도 용인시 기흥구 영덕동 781번지 ,446908,37.2683775,127.0703347,여인숙업,206172.9153,418504.0458
용인시,4050000-201-1985-00002,19850731,충북여인숙,폐업,폐업,3320725,140,경기도 용인시 처인구 금령로85번길 8-7 (김량장동),경기도 용인시 처인구 김량장동 133-56번지 ,449924,37.2360465,127.2061228,여인숙업,218225.7649,414931.0301
용인시,4050000-201-1990-00003,19900630,동일여인숙,폐업,폐업,031 328 6060,140,경기도 용인시 처인구 금령로99번길 12-5 (김량장동),경기도 용인시 처인구 김량장동 133-13 ,449924,37.23689085,127.2075966,여인숙업,218360.0907,415019.7343
용인시,4050000-201-2000-00004,20001109,크리스탈,폐업,폐업,3227280,"1,290.30",경기도 용인시 처인구 포곡읍 곡현로133번길 31,경기도 용인시 처인구 포곡읍 유운리 325-6번지 ,449815,37.2987962,127.2200965,일반호텔,219449.5241,421898.3211
용인시,4050000-201-1987-00003,19870926,창원여관,폐업,폐업,,132,경기도 용인시 처인구 중부대로 1415 (김량장동),경기도 용인시 처인구 김량장동 337-12번지 ,449926,37.2330268,127.2015171,여관업,217816.8999,414594.3251
용인시,4050000-201-1990-10005,19900125,리오모텔,폐업,폐업,031 281 0059,556.44,경기도 용인시 기흥구 중부대로 393-1 (신갈동),경기도 용인시 기흥구 신갈동 64-13 ,446597,37.27286514,127.1103761,여관업,209714.5994,418974.6621
용인시,4050000-201-1983-00003,19830912,특실여인숙,폐업,폐업,031337 2311,118.3,경기도 용인시 처인구 금령로93번길 2-1 (김량장동),경기도 용인시 처인구 김량장동 133-111번지 ,449924,37.235721,127.2067418,여인숙업,218278.2039,414896.4184
용인시,4050000-201-1990-10008,19901031,레미니스호텔,폐업,폐업,031 286 5121,981.21,경기도 용인시 기흥구 기흥단지로 53 (고매동),경기도 용인시 기흥구 고매동 411-22번지 ,446901,37.2256892,127.1045505,일반호텔,209213.041,413769.0575
용인시,4050000-201-1983-10005,19830909,제일여인숙,폐업,폐업,2846869,99.17,경기도 용인시 기흥구 구성로 76 (언남동),경기도 용인시 기흥구 언남동 376-3번지 ,446525,37.2945428,127.1177481,여인숙업,210375.3449,421411.7393
용인시,4050000-201-1980-00003,19800613,홍실여인숙,폐업,폐업,031 332 5753,165,경기도 용인시 처인구 포곡읍 전대로49번길 1 (전대리),경기도 용인시 처인구 포곡읍 전대리 150-1번지 ,449815,37.2830199,127.2197918,여인숙업,219424.6648,420148.6442
용인시,4050000-201-1989-00001,19891222,블루힐,폐업,폐업,031 3363563,653.4,경기도 용인시 처인구 포곡읍 전대로78번길 23,경기도 용인시 처인구 포곡읍 전대리 356-1번지 외 3필지 ,449815,37.2869629,127.2167584,일반호텔,219154.823,420584.2069
용인시,4050000-201-2009-00001,20090205,삼화여관,폐업,폐업,031 284 1989,179.63,"경기도 용인시 기흥구 신갈로58번길 7 (신갈동,3층)",경기도 용인시 기흥구 신갈동 60-12 3층 ,446597,37.2721584,127.1065449,여인숙업,209378.7659,418918.843
용인시,4050000-201-2004-10002,20040211,호텔.폴,폐업,폐업,031 274 5471,"2,019.00","경기도 용인시 기흥구 중부대로 360 (신갈동,외1필지)",경기도 용인시 기흥구 신갈동 69-4 외1필지 ,446597,37.27106896,127.1069227,일반호텔,209411.7443,418800.0358
용인시,4050000-201-2001-00005,20010907,스카이모텔,폐업,폐업,3358649,"1,224.00",경기도 용인시 처인구 용인대학로 49 (역북동),경기도 용인시 처인구 역북동 545-1번지 ,449933,37.2337762,127.1776853,일반호텔,215701.6592,414675.4144
용인시,4050000-201-1979-10001,19791114,기흥장여관,폐업,폐업,2864319,250,경기도 용인시 기흥구 삼성2로 233-14 (고매동),경기도 용인시 기흥구 고매동 695-2번지 ,446901,37.2220541,127.0983599,여관업,208663.0262,413364.9533
용인시,4050000-201-2002-00006,20020520,에버힐,폐업,폐업,031 3223360,"1,345.00",경기도 용인시 처인구 포곡읍 곡현로133번길 25,경기도 용인시 처인구 포곡읍 유운리 325-4번지 ,449815,37.2987139,127.2207617,여관업,219507.9484,421888.5398
용인시,4050000-201-2005-00001,20050201,아도니스,폐업,폐업,3337964,"1,241.34",경기도 용인시 처인구 포곡읍 곡현로133번길 33,경기도 용인시 처인구 포곡읍 유운리 325-3번지 ,449815,37.2988778,127.2198486,여관업,219427.3386,421907.5619
용인시,4050000-201-1982-10005,19821011,대흥여인숙,폐업,폐업,2832922,145,경기도 용인시 기흥구 신갈로58번길 16-1 (신갈동),경기도 용인시 기흥구 신갈동 62-1번지 ,446597,37.2721257,127.1076007,여인숙업,209478.8729,418922.6726
용인시,4050000-201-2006-00001,20060202,호텔스위스,폐업,폐업,031 3229866,"1,069.18","경기도 용인시 처인구 포곡읍 곡현로117번길 6-26 (외 1필지 (323-4, 324-10))","경기도 용인시 처인구 포곡읍 유운리 323-10번지 외 1필지 (323-4, 324-10) ",449815,37.2984622,127.2204565,일반호텔,219469.606,421861.9996
